Id,College_Name,Address,EmailID,District,Website,Principal_Name,Office_Number,Personal_Number,Registar_Name,Status,Autonomy_Status,Minority_Status,Establishment,Course,Research
3001,Jamnalal Bajaj Institute of Management Studies- Mumbai,Dadabhai Navroji House- 164- Backbay Reclamation- H. T. Parekh Marg- Rd No.3- Churchgate Mumbai - 400020,director@jbims.edu,Mumbai City,www.jbims.edu,Dr. Kavita Laghate,22747700,22024052,Dr. Ajay Deshmukh,University Department,Non-Autonomous,Non-Minority,1965,Management,No
3002,Sydenham Institute of Management Studies & Research & Entrepreneurship Education(SIMSREE)- Mumbai,B-Road- Churchgate- Mumbai  400020,director@simsree.net,Mumbai City,www.simsree.org,DR.M.B.Bhide,61510701,61510700,Farooque T.Peerzada,Government,Non-Autonomous,Non-Minority,1983,Management,Yes
3003,Alkesh Dinesh Modi Institute for Financial & Management Studies- Mumbai,Joravar Bhavan-opp.new boys hostel- mumbai university Kalina Vidyanagari campus-Santacruz(E.)Mumbai- 400 098,director@admi.mu.ac.in,Mumbai Suburban,www.mu.ac.in,Dr Smita Shukla,26521680,65903680,Dr Smita Shukla,University Department,Non-Autonomous,Non-Minority,2003,Management,No
3004,Jankidevi Bajaj Institute of Management Studies- Santacruz- Mumbai,Sir Vithaldas Thackersey Vidya Vihar- Juhu Road- Santacruz(w)- Mumbai 400049,jdbims@sndt.ac.in,Mumbai Suburban,www.jdbims.net,Dr. Meera Shanker,26606626,26606607,Dr. Deepak Govind Deshpande,University Managed,Non-Autonomous,Non-Minority,1997,Management,No
3005,Government College of Pharmacy- Ratnagiri,Government Polytechnic Campus- Near Thiba Palace- Ratnagiri,bpharmratnagiri@gmail.com,Ratnagiri,www.gcopratnagiri.com,Dr. Rajendra Panditrao Marathe,221201,,Smt. Kumud Uday Purohit,Government,Non-Autonomous,Non-Minority,2009,Pharmacy,No
3006,Government Institute of Printing Technology- Mumbai,J.J School Of Architecture Compound- Near Cst Station- Mumbai 400001,gipt_m@rediffmail.com,Mumbai City,www.gipt.ac.in,MRS. M.S.DESHPANDE,20821474,,Mrs. Maya Waghmare,Government,Autonomous,Non-Minority,1956,Engineering,No
3007,Government Polytechnic- Mumbai,49- Ali Yawar Jung Marg- Kherwadi- Bandra(E)- Mumbai 400051,principal@gpmumbai.ac.in,Mumbai Suburban,www.gpmumbai.ac.in,Swati D Deshpande,26474780,,Swati D Deshpande,Government,Autonomous,Non-Minority,1960,Polytechnic,No
3008,Government Polytechnic- Pen,At Post Ramwadi- Tal.Pen- Dist.Raigad. Raigad - 402107,governmentpolytechnicpen@rediffmail.com,Raigad,www.gppen.ac.in,Dr. Sunil Sukhdeo Bhamre,9405691405,9405691405,Mrs. Sangita Chavan,Government,Non-Autonomous,Non-Minority,1990,Polytechnic,No
3009,Government Polytechnic- Ratnagiri,Near Thiba  Palace- Ratnagiri - 415612,office.gpratnagiri@dtemaharashtra.gov.in,Ratnagiri,www.gpratnagiri.org,SHRI. A. M. JADHAV,222435,222203,Shri. K. G. Narvekar,Government,Non-Autonomous,Non-Minority,1961,Polytechnic,No
3010,Government Polytechnic- Malvan,A/P Kumbharmath- Malvan- Sindhudurg - 416606,gpmalvan3010@gmail.com,Sindhudurg,www.gpmalvan.co.in,Dr. Suresh A. Patil,252223,251371,Mr. B. R. Ayare,Government,Non-Autonomous,Non-Minority,1985,Polytechnic,No
3011,Government Polytechnic- Thane,At Phadke Pada- Opp. Bharat Gears-Mumbra Shil Road-Opp Bharat  Ltd. Thane - 400612,principal.gpthane@dtemaharashtra.gov.in,Thane,www.gpthane.org.in,DR.NITIKET NIJANAND MHALA,9969601972,9284720100,AARTI MILIND PANCHMUKH,Government,Non-Autonomous,Non-Minority,1985,Polytechnic,No
3012,Veermata Jijabai Technological Institute(VJTI)- Matunga- Mumbai,H.R. Mahajani Marg- Matunga- Mumbai,director@vjti.org.in,Mumbai City,www.vjti.ac.in,Dr. Dhiren R. Patel,24198101,24198101,Dr. V. N. Palaskar,Government-Aided,Autonomous,Non-Minority,1887,Engineering,No
3013,Government Polytechnic- Vikramgad.,ZadPoli- Shil Road- at post Shil- Tal. Vikramgad- District Palghar,gpvikramgad11@gmail.com,Palghar,,Shri. Atul B. Borade,203133,203126,Dr. A.V.Peshve,Government,Non-Autonomous,Non-Minority,2011,Polytechnic,No
3014,Sardar Patel College of Engineering- Andheri,Munshi Nagar- Andheri (West)-  Mumbai - Suburban -Mumbai,principal@spce.ac.in,Mumbai Suburban,www.spce.ac.in,Dr. Priyadarshi H. Sawant,26232192,26708371,S.R.Vinerkar,Government-Aided,Autonomous,Non-Minority,1962,Engineering,No
3015,Prin. K.M. Kundnani College of Pharmacy- Mumbai,Plot No. 23- Jote Joy- Rambhau Salgaonkar Marg- Cuffe Parade Mumbai,kmkcp@rediffmail.com,Mumbai City,www.kmkcp.com,Dr. (Mrs.) Urmila J.Joshi,22164368,22165276,Mrs. Swarada Tendulkar,Government-Aided,Non-Autonomous,Linguistic Minority - Sindhi,1971,Pharmacy,No
3016,Bombay College of Pharmacy- Santacruz(E)- Mumbai,Kalina- Santacruz (E)- Mumbai,office.bcpindia@gmail.com,Mumbai Suburban,www.bcp.edu.in,Dr.Krishnapriya Mohanraj,26670871,266701027,B.G KAWADE,Government-Aided,Autonomous,Non-Minority,1957,Pharmacy,No
3017,C U Shah College of Pharmacy for Women- Mumbai,Sir Vithaldas Vidyavihar-(SNDT Women Uni)Juhu Road- Santacruz(w) Mumbai,cuscp@yahoo.co.in,Mumbai Suburban,sndt.ac.in,Dr. Mrs. Pratima A. Tatke,26608462,26609577,Mr. Sharad Namdeo Dangle,Government-Aided,Non-Autonomous,Non-Minority,1980,Pharmacy,No
3018,Rachna Sansad Academy Of Architecture-Mumbai,278- Shankar Ghanekar Marg- Behind Ravindra Natya Mandir- Prabhadevi-Mumbai,contact@aoamumbai.in,Mumbai City,www.aoamumbai.in,Shri Suresh M. Singh,24301024,24381749,Suhas Pathak,Government-Aided,Non-Autonomous,Non-Minority,1955,Architecture,No
3019,Sir J. J. College of Architecture- Mumbai,78 / 3- Dr. D.N. Road- Fort- Mumbai,sirjjarchitecture@yahoo.co.in,Mumbai City,www.sirjjarchitecture.org,Rajiv,22621649,,,Government-Aided,Non-Autonomous,Non-Minority,1913,Architecture,No
3020,Sasmira's Institute of Manmade Textiles- Mumbai,Dr. A.B. Road- Sasmira Marg- Worli- Mumbai. 400030,principal@sasmira.org,Mumbai City,www.sasmira.org,Mr. G. R. Andhorikar,24935351,24918201,Anjali k pawar,Government-Aided,Autonomous,Non-Minority,1964,Textile,No
3021,K. J. Somaiya Polytechnic- Mumbai,Vidyanagar- Mumbai - 400077,info.polytech@somaiya.edu,Mumbai City,polytechnic.somaiya.edu,Mrs. Padmaja Bhanu Bandaru,21021752,21027408,Mr. Jayant D Tambve,Government-Aided,Autonomous,Linguistic Minority - Gujarathi,1963,Polytechnic,No
3023,St. Xavier's Technical Institute- Mumbai,Mahim Causeway Road- Mahim- Mumbai - 400016,office@xaviertech.com,Mumbai City,www.xaviertech.com,Dr. Shivaji B. Ghungrad,24455937,24451961,RAVIRAJ GHADGE,Government-Aided,Autonomous,Religious Minority - Christian,1937,Engineering,No
3024,Sophia Shree B.K. Somani Memorial Polytechnic)- Mumbai,Sophia Shree B. K. Somani Memorial Polytechnic- Mumbai - 400026,sophiapolytechnic@sophiacampus.com,Mumbai City,www.sophiacampus.com,Dr. (Sr.) Anila Verghese,23514147,23514147,Dr.(Mrs.) Jignasa Shah,Government-Aided,Non-Autonomous,Religious Minority - Christian,1970,Polytechnic,No
3025,Shri Bhagubhai Mafatlal Polytechnic- Mumbai,N.R.G. Gadkari Marg- Mumbai - 400056,principalsbmp@rediffmail.com,Mumbai City,www.sbmp.ac.in,DR.M.Z.SHAIKH,42336000,,MRS. P.S.KHIRE,Government-Aided,Autonomous,Linguistic Minority - Gujarathi,1963,Polytechnic,No
3026,M. H. Saboo Siddik Polytechnic- Mumbai,Anjuman-I-Islam's M.H.Saboo Siddik Polytechnic- 8- Shepherd Rd- Byculla- Mumbai,principal.mhssp@yahoo.com,Mumbai City,www.mhssp.org,Ms. Zaibunisa Malik,23084881,23052252,MR. MOHAMMAD TOUSIF SHAIKH,Government-Aided,Non-Autonomous,Religious Minority - Muslim,1958,Polytechnic,No
3027,Premlila Vithaldas Polytechnic(Womens)-Mumbai,SNDT Women's University-Juhu Road-Santacruz (W) Mumbai - Suburban - 400049,pvp@pvpsndt.org,Mumbai Suburban,www.pvpsndt.org,Dr. Sachin Laddha ,26608676,26605162,vacant,Government-Aided,Autonomous,Non-Minority,1976,Polytechnic,No
3028,Father Agnel Technical College (Polytechnic)- Bandra(W)- Mumbai,Fr. Agnel Ashram Mumbai - 400050,fragnel_bandra@yahoo.com,Mumbai City,atc.fragnel.ac.in,M. S. MOHAN,67114054,67114051,DEEPAK MASANE,Government-Aided,Autonomous,Religious Minority - Christian,1969,Engineering,No
3032,S.N.D.T Women's University P.G.D. of Computer Science- Mumbai,Sir Vithaldas Thackersey Vidya Vihar-  Juhu Road- Santacruz(w)- Mumbai - 400049,computersc@sndt.ac.in,Mumbai Suburban,www.sndt.ac.in,Dr. Anita N Chaware,0222660,,Dr. Deepak Govind Deshpande,University Managed,Non-Autonomous,Non-Minority,1985,Other,No
3033,Dr. Babasaheb Ambedkar Technological University- Lonere,Vidyavihar- P.O. Lonere- Ta-Mangaon Dist. Raigad,registrar@dbatu.ac.in,Raigad,www.dbatu.ac.in,Dr. Brijesh  Iyer( Registrar ),275142,,Dr.Sunil S. Bhamare (Registrar ),University Managed,Non-Autonomous,Non-Minority,1989,Engineering,No
3035,Usha Mittal Institute of Technology SNDT  Women's University- Mumbai,SNDT  Women's University- Mumbai Juhu Campus- Santacruz (W)- Mumbai,umit@sndt.ac.in,Mumbai Suburban,www.umit.ac.in,Dr. Sanjay S. Pawar,26605183,,Dr. Deepak Deshpande  ,University Managed (Un-Aided),Non-Autonomous,Non-Minority,1997,Engineering,No
3036,Institute of Chemical Technology- Matunga- Mumbai,Nathalal Parikh Marg- Matunga- Mumbai,ar.acad@staff.ictmumbai.edu.in,Mumbai City,www.ictmumbai.edu.in,Prof. G.D. Yadav,33611111,,Prof. S.S. Lele,Deemed University,Autonomous,Non-Minority,1933,Engineering,No
3039,Hydrabad (Sind) National Collegiate K.M.Kundanani Pharmacy Polytechnic-Ulhasnagar Dist-Thane,Opp. Ulasnagar Railway Station- Thane - 421003,pkmkpp2003@yahoo.com,Thane,www.pkmkpp.org,Mrs. Manjiri Gharat ,2705163,2705163,Mrs. Reema Wadhwani,Government-Aided,Non-Autonomous,Linguistic Minority - Sindhi,1971,Polytechnic,No
3040,Dr. Babasaheb Ambedkar Tech.University-Institute of Petrochemical Engineering-Lonere-Raigad,Vidyavihar-P.O.Lonere-Tal-Mangaon. Raigad - 402103,iopelonere@rediffmail.com,Raigad,www.iopelonere.com,Dr M.A. Dabhade,275103,275103,---,University Managed,Autonomous,Non-Minority,1981,Engineering,No
3041,PREMLILA VITHALDAS POLYTECHNIC Pharmacy shifted to 3027 from 3041 ,SNDT Women's University- Juhu Road- Santacruz(W)- Mumbai sub,pvp@pvpsndt.org,Mumbai City,www.pvpsndt.org,Dr. Sachin Laddha ,26608676,26605162,vacant,University Managed,Non-Autonomous,Non-Minority,1976,Polytechnic,No
3101,Bharti Vidyapeeth's Institute of Management Studies & Research- Navi Mumbai,Sector 8 CBD Belapur Navi Mumbai,director@bvimsr.com,Thane,www.bvimsr.com,Dr. Anjali Avinash Kalse,27572433,27562582,Mrs. Varsha D. Gawli,Un-Aided,Non-Autonomous,Non-Minority,1984,Management,Yes
3102,Chetana's Ramprasad Khandelwal Institute of Management & Research- Mumbai,Survey No. 341- Govt. Colony- Bandra (E)- Mumbai  400051,info@crkimr.in,Mumbai Suburban,www.crkimr.in,Mrs. (Dr). Jayashree Bhakay,26513346,26430581,Dr.Suresh Nerkar,Un-Aided,Non-Autonomous,Non-Minority,1981,Management,Yes
3103,K. J. Somaiya Institute of Management Studies & Research- Mumbai,Vidyanagar- Vidyavihar (E)-  Mumbai  400077,meera@somaiya.edu,Mumbai City,simsr.somaiya.edu,Dr.(Prof) Monica Khanna,67283000,67283000,Meera Ramanathan,Un-Aided,Autonomous,Linguistic Minority - Gujarathi,1981,Management,Yes
3104,Lala Lajpatrai Institute of Management- Mumbai,Lala Lajpatrai Marg-  Mahalaxmi- Mumbai - 34.,info@llim.edu,Mumbai City,www.llim.edu,Dr. V.B. Angadi ,23513874,23513874,Suresh Suvarna,Un-Aided,Non-Autonomous,Linguistic Minority - Punjabi,1995,Management,No
3105,Mahatma Gandhi Mission's Institute of Management Studies & Research- Kamothe,At.Junction NH4-Sion Panvel Express Highway-Kalamboli-Kamothe-Navi Mumbai Raigad - 400706,mgm_imsr@yahoo.com,Raigad,www.mgmimsr.org,Prof. Ashwini Arte,27433002,27433008,Rekha Suryavanshi,Un-Aided,Non-Autonomous,Non-Minority,1994,Management,Yes
3106,MET's Institute of Management- Mumbai,Gen. Arunkumar Vaidya Chowk- Bandra (W)- Mumbai  400050,director_iom@met.edu,Mumbai Suburban,www.met.edu,Prof Vijay Page,39554286,,Miss Anuradha Chavan,Un-Aided,Non-Autonomous,Non-Minority,1994,Management,No
3107,Prin. L. N. Welingkar Institute of Management Development & Research- Mumbai,Lakhamsi Nappo Road- Next To R.A. Podar College of Commerce- Matunga(E)- Mumbai 400019,director@welingkar.org,Mumbai City,www.welingkar.org,Prof.Dr.Uday Salunkhe,24198300,24105332,Subhash Bhosle,Un-Aided,Autonomous,Non-Minority,1977,Management,Yes
3108,Rizvi Institute of Management Studies & Research- Mumbai,New Rizvi Education Complex- Off. Carter Road-  Bandra (W) Mumbai - 400050,info@rmi.rizvi.edu.in,Mumbai Suburban,www.rmi.rizvi.edu.in,Dr. Kalim Khan,26042180,26044068,Mr. Sharad D. Shejawal,Un-Aided,Non-Autonomous,Religious Minority - Muslim,1994,Management,Yes
3109,S.I.E.S. College of Management Studies- Mumbai,Sri. Chandrasekarandra Saraswathy Vidyapuram-  Plot 1 E- Sector-5- Nerul- Navi Mumbai Raigad - 400706,siescomsadmin@sies.edu.in,Raigad,www.siescoms.edu,Dr.Bigyan Prakash Verma ,61082400,27708333,R.Chandrsekar,Un-Aided,Non-Autonomous,Linguistic Minority - Tamil,1995,Management,No
3110,Vivekanand Education Society's Institute of Management Studies & Research- Mumbai,495-497-Collectors' Colony- Near Muncipal School- Chembur  Mumbai - 400074,mailus.vesim@ves.ac.in,Mumbai Suburban,www.vesim.ves.ac.in,Dr. Satish Modh,67893000,67893000,Arvind Waghmare,Un-Aided,Non-Autonomous,Linguistic Minority - Sindhi,1994,Management,Yes
3111,N. L. Dalmia Institute of Management Studies and Research- Mumbai,Srishti- Sector-I- Mira Road (E)- Mumbai Thane - 401104,info@nldalmia.in,Thane,www.nldalmia.in,Dr. Raja Roy Choudhury,42990033,42990004,Mr.-,Un-Aided,Non-Autonomous,Linguistic Minority - Hindi,1997,Management,Yes
3112,Indian Education Society's Management College & Research Centre- Mumbai,Vishwakarma M.D -Lotlikar Vidya Sankul- 791- Shri Krishnachand Marg-  Opp. Lilavati Hospital- Bandra Reclamation- Bandra (W)- Mumbai - 400050,info@ies.edu,Mumbai Suburban,www.ies.edu/management,DR. DINESH D. HARSOLEKAR,26561717,25895084,Mr. Bhalchandra Ghadi ,Un-Aided,Non-Autonomous,Non-Minority,1998,Management,Yes
3113,Maratha Mandir's Babasaheb Gawde Institute of Management Studies- Mumbai,4th Floor- Maratha Mandir's Annex- Babasaheb Gawde Chowk- Dr.  A.B. Nair Rd.-  Mumbai Central- Mumbai (M.S.)  400008,director@mmbgims.com,Mumbai City,www.mmbgims.in,Dr. Vidya Hattangadi ,66044100,66044100,Yogesh Sawant,Un-Aided,Non-Autonomous,Non-Minority,1998,Management,No
3114,Mahatma Education Society's Pillai's Institute of Management Studies & Research- New Panvel,Dr. K. M. Vasudevan Pillai's Campus 10- Sector 16- Podi No. 2- New Panvel- Maharashtra  Raigad - 410206,pimsr@mes.ac.in,Raigad,www.pimsr.ac.in,Dr. Satish K Nair,27456100,27451700,Mohan Naik,Un-Aided,Non-Autonomous,Linguistic Minority - Malyalam,1998,Management,Yes
3115,Anjuman-I-Islam's Allana Institute of Management Studies- Mumbai,Anjuman-I-Islam's Secretariat Bldg.- Badruddin Tayyabji Marg- Off. 92- D.N. Road- Opp. CST- Mumbai  400001,director@aiaims.com,Mumbai City,www.aiaims.com,Dr. Bernadette D�silva,22705207,22705208,Gopal Chavan,Un-Aided,Non-Autonomous,Religious Minority - Muslim,1999,Management,No
3116,Agnel Charities Agnel Seva Sangha's Fr. C. Rodrigues Inst. of Management. Studies- Vashi- Navi Mumbai,Sector 9A- Vashi- Navi Mumbai- Thane,agnelbiz@gmail.com,Thane,www.fcrims.com,Dr. Sujata Chincholkar,27771000,,Shrabani Walke,Un-Aided,Non-Autonomous,Religious Minority - Christian,2001,Management,No
3117,Gurunanak Institute of Management Studies- Mumbai,Khalsa College Campus- Annex Building-  King's Circle- Matunga- Mumbai  400019,info@gnims.com,Mumbai City,www.gnims.com,Dr. Dattajirao Yashwantrao Patil,24043927,32939193,Archana Mayekar,Un-Aided,Non-Autonomous,Religious Minority - Sikh,2002,Management,No
3118,Zagdu Singh Chartitable Trust's Thakur Institute of Management Studies & Research- Mumbai,Shyam Narayan Thakur Marg- Thakur Village- Kandivali (E)- Mumbai 400101,timsr@thakureducation.org,Mumbai Suburban,www.timsrmumbai.in/ www.thakureducation.org,Dr. Pankaj Natu,67308201,28854924,Pankaj Singh,Un-Aided,Non-Autonomous,Linguistic Minority - Hindi,2002,Management,Yes
3119,St. Francis Institute of Management & Research- Mumbai,Mt. Poinsur- S.V.P. Road- Borivali(W)- Mumbai 400103,info@sfimar.org,Mumbai Suburban,www.sfimar.org,DR.D. HENRY BABU,28929156,28958403,Bro. Xavier Munda,Un-Aided,Non-Autonomous,Religious Minority - Christian,2002,Management,Yes
3120,Atharva Educational Trust- Atharva Institute of Management Studies- Mumbai,S. No. 263- Plot No. 8-12- Malad-Marve Road- Charkop Naka- Malad(W)- Mumbai  400095,aims@atharvaeducation.com,Mumbai Suburban,www.atharvaeducation.com,DR. SUJATA PANDEY,40294949,40294949,MR. PRAKASH BHATKAR,Un-Aided,Non-Autonomous,Non-Minority,2003,Management,No
3121,Sahajeevan Shikshan Sanstha's Madanbhai Sura Institute of Business Management- Khed Dist. Ratnagiri,At Post Taluka Khed-  District-Ratnagiri,msibmkhed@gmail.com,Ratnagiri,www.msibm.edu.in,Dr. Prasad Suresh Bhanage,263895,,Nikhil Ashok Salvi,Un-Aided,Non-Autonomous,Non-Minority,2008,Management,No
3122,IBSAR Trust's IBSAR Institute of Management Studies- Karjat- Raigad,Plot no.159 B-Dahivali Tarfe Need- Karjat- Dist: Raigad  410201,iimskarjat410201@gmail.com,Raigad,www.ibsar.edu.in,Dr. M.L.Monga,220472,220472,Jayawant Upadhye,Un-Aided,Non-Autonomous,Non-Minority,2008,Management,No
3123,Parle Tilak Vidyalaya Asso.'s Institute of Management- Mumbai,Chitrakar Ketkar Marg- Vile Parle(E)- Mumbai   400057,admin@ptvaim.com,Mumbai Suburban,www.ptvaim.com,Dr.  Harish Kumar S. Purohit,26100100,,Ms.Sunita Shringarpure,Un-Aided,Non-Autonomous,Non-Minority,2009,Management,No
3124,Saraswati Education Society- Group of Institutions ( Integrated Campus)- Diksal Dist. Raigad,Sau.Vandana N.Tasgaonkar Technical Education Complex- Plot No.14- Village Diksal Post Koshane- Kalyan-Karjat Road-,sesgoifoe3124@gmail.com,Raigad,www.tasgaonkartech.com,PROF. PRAFUL JAWANJAL,96570684,225666,MS. MANISHA BHAWSAR,Un-Aided,Non-Autonomous,Non-Minority,2009,Other,No
3125,Audyogik Shikshan Mandal's Institute of Management & Computer Studies- Thane,C-4 Wagle Industial Estate- NearMulund Check Naka Thane(Mumbai)  400604,imcost@redifffmail.com,Thane,www.imcost.edu.in,Dr. D. V. Kulkarni,25832452,,Manisha Shinde,Un-Aided,Non-Autonomous,Non-Minority,2004,Management,No
3127,NCRD's Sterling Institute of Management Studies- Navi Mumbai,Opp to Darave petrol pump-Plot No 93- Sector 19 Nerul (E)- Navi mumbai  400706,accounts@ncrdsims.edu.in,Thane,www.ncrdsims.edu.in,Dr. Prashant Gundawar,27702282,,Dnyandeo Jadhar,Un-Aided,Non-Autonomous,Non-Minority,2004,Management,No
3128,Mandar Education Society's Rajaram Shinde College of Master of Business Adminstration- Chiplun,At Pedhambe Po. Alore -Tal. Chiplun Dist: Ratnagiri 415603,mesmandarmba@gmail.com,Ratnagiri,www.mandaredusoc.org,Dattaprasad Mirajkar,230243,,Vaishnavi B Shinde,Un-Aided,Non-Autonomous,Non-Minority,2004,Other,No
3129,Mumbai Institute of Management & Research- Mumbai,Knowledge Centre- Behind- MbPT Hospital Nadkarni Park- Near railway station-Wadala(East)- Mumbai - 400 037,miomr@yahoo.com,Mumbai City,www.mimr.in,Dr. Chadaram Potharaju Satyanarayana,24143009,24110879,Mr. Vithal Shankar Chavan,Un-Aided,Non-Autonomous,Non-Minority,2004,Management,Yes
3130,VPM's Dr. V.N. Bedekar Institute Of Management Studies- Mumbai,Jnanadweepa- Chendani- Bunder Road- Thane (W)   400601,vnbrims@vpmthane.org,Thane,www.vnbrims.org,Dr.Nitin Joshi ,25391665,25364492,Vaibhav Pandit,Un-Aided,Non-Autonomous,Non-Minority,2005,Management,No
3131,Hashmatrai and Gangaram Himathmal Mansukhani Institute of Management- Ulhasnagar- Thane,Opposite Ulhasnagar Railway Station-  Smt. CHM College Campus- Ulhasnagar 421 003,hsncb.mgmt@gmail.com,Thane,www.hghmim.edu.in,Dr. Mrs. Swati Sabale (Director),2571867,2562662,NA,Un-Aided,Non-Autonomous,Linguistic Minority - Sindhi,2005,Management,No
3132,Dr. G D Pol Foundation YMT College of Management- Navi Mumbai,Intitutional Area- Sector 4  Kharghar- Navi Mumbai 410 210,ymtmanagement@gmail.com,Raigad,www.ymtcollegeofmanagement.org,Dr. Swati Padoshi,27744408,27744408,Mrs. Japita Bhowmik,Un-Aided,Non-Autonomous,Non-Minority,2006,Management,No
3133,Swayamsiddhi Mitra Sangh's College of Management & Research- Thane,Sonadevi Compaund- Temghar- Near Octroi Naka-  Kalyan Road- Bhivandi- Dist. Thane   421302,sscmr.mba@gmail.com,Thane,www.sscmrmba.in,  Director Dr. Ginlianlal Buhril,248257,248257,Mr. Kishor Parmar,Un-Aided,Non-Autonomous,Non-Minority,2006,Management,Yes
3134,Bombay St. Xavier College Soc.'s Xavier Institute of Management & Research- Mumbai,St. Xavier College Campus- 5- Mahapalika Marg- Mumbai  400001,admin@ximr.ac.in,Mumbai City,www.ximr.ac.in,Prof.Dr.Vaidyanathan K. N.,22650608,650609,Malachy Dias,Un-Aided,Non-Autonomous,Religious Minority - Roman Catholics,2006,Management,Yes
3135,Manjara Charitable Trust's Rajiv Gandhi Institute of Technology- Mumbai,Off. Juhu Versova Link Road- Versova- Andheri(W) Mumbai,mctrgit02@gmail.com,Mumbai Suburban,www.mctrgit.ac.in,Dr. Sanjay U. Bokade,26707026,26707025,Shri. Subhash Khachane,Un-Aided,Non-Autonomous,Non-Minority,1992,Engineering,No
3136,Oriental Education Society Oriental Institute of Management- Navi Mumbai,Plot No 149- Sector 12- Vashi Navi Mumbai 400703,admin@oim.edu.in,Raigad,www.oim.edu.in,Dr.K.G.Dawani,27899156,27899157,Mrs.Nirmala Falke,Un-Aided,Non-Autonomous,Linguistic Minority - Hindi,2006,Management,No
3138,Gahlot Institute of Management Studies and Research- Navi Mumbai,Plot No.59- Sector-14- Koperkhairane- Navi Mumbai 400709,gahlot_mgmt@rediffmail.com,Raigad,www.gahlotmgmtinst.co.in,Viral Desai,27550811,27550822,Mrs. Arati Jagdale,Un-Aided,Non-Autonomous,Non-Minority,2006,Management,Yes
3139,Vidyalankar Institute of Technology-Wadala- Mumbai,Vidyalankar Educational Campus-Vidyalankar College Marg- Wadala(E)- Mumbai,principal@vit.edu.in,Mumbai City,www.vit.edu.in,Dr. S A Patekar,24161126,24161126,Mukund Deshmukh,Un-Aided,Non-Autonomous,Non-Minority,1999,Engineering,No
3140,Vighnaharata Trust- Shivajirao S. Jodhale Institute of Management Science and Research- Asangaon,Asangaon- Opp. Asangaon Railway Station- Tal.Shahapur- Dist. Thane  421601,vjtsscoe@rediffmail.com,Thane,www.jondhlemgmt.org, dr suunil losarwar ,9594962027,9594962026,R. M. KORDE,Un-Aided,Non-Autonomous,Non-Minority,2009,Management,Yes
3142,Navjeevan Education Society's Polytechnic- Mumbai,Ganesh Nagar-Ganesh Path Mumbai - 400078,nespolytechnic@rediffmail.com,Mumbai Suburban,www.navjeevanedu.com,Mr. AJAY S. BHOIR,25952601,,A. P. PATIL,Un-Aided,Non-Autonomous,Non-Minority,1995,Polytechnic,No
3143,Zagdu Singh Charitable Trust's Thakur Polytechnic- Mumbai,Thakur Complex- West To W.E.Highway Mumbai,tpoly@thakureducation.org,Mumbai Suburban,www.tpolymumbai.in,Dr. S.M. Ganechari,28542481,28543540,Mrs. Sarita Singh,Un-Aided,Non-Autonomous,Linguistic Minority - Hindi,1998,Polytechnic,No
3144,Mahavir Education Trust's Shah & Anchor Kutchhi Polytechnic- Mumbai,Near Chhatrapati Shivaji Maharaj Chowk- - Waman Tukaram Patil Marg  Mumbai - 400088,info@sakp.ac.in,Mumbai City,www.sakp.ac.in,PROF. SANJAY M. LUNGE ,67978400,67978400,Mahendra P. Bagul,Un-Aided,Non-Autonomous,Linguistic Minority - Gujarathi(Jain),1983,Polytechnic,No
3145,Vivekanand Education Society's Polytechnic- Mumbai,Sindhi Society-Chembur Mumbai - 400071,vespolytechnic@yahoo.co.in,Mumbai City,www.ves.ac.in/polytechnic,Mr. Vikrant B Joshi ,25227638,,Mr. Vikrant B Joshi ,Un-Aided,Non-Autonomous,Linguistic Minority - Sindhi,1983,Polytechnic,No
3146,Jawahar Education Society's Annasaheb Chudaman Patil College of Engineering-Kharghar- Navi Mumbai,Sector 4-Ploat No-17-Kharghar- Navi Mumbai. Dist. Raigad,principal@acpce.ac.in,Raigad,www.acpce.org,Dr. Dileep G. Borse,27745722,27747521,MR. C. L. PATIL,Un-Aided,Non-Autonomous,Non-Minority,1992,Engineering,No
3147,Saraswati Education Society- Yadavrao Tasgaonkar  Institute of Engineering & Technology- Karjat,Near Bhiv puri Road Railway statiion Chandai -Tal Karjat- Dist Raigad,nanduyt@hotmail.com,Raigad,www.tasgaonkartech.com,Prof. S.R. Wankhade,8806753541,,vivek sawant ,Un-Aided,Non-Autonomous,Non-Minority,2007,Engineering,No
3148,Mahavir Education Trust's Shah & Anchor Kutchhi Engineering College- Mumbai,Vaman Tukaram Patil Marg- Chembur- Mumbai,principal@sakec.ac.in,Mumbai Suburban,www.shahandanchor.com,Dr. Bhavesh Patel,25580854,67978100,Prof.A.W.Khan,Un-Aided,Non-Autonomous,Linguistic Minority - Gujarathi(Jain),1985,Engineering,No
3149,Shree Shankar Narayan Education Trust's Rohidas Patil Institute of Management Studies- Bhayandar,Mahavidyalaya Marg- Navghar-  Bhayandar (E)- Dist Thane  401105,director@rpims.com,Thane,www.rpims.com,Dr. Bhupesh V. Rane,28160904,,Mr. Vishnu S. Patil,Un-Aided,Non-Autonomous,Non-Minority,2008,Management,No
3151,Vishweshwar Education Society's Indira Institute of Business Management- Navi Mumbai,Plot No. -2- Sector 9-  Sanpada- Navi Mumbai. Raigad - 400705,info@indiraiibm.edu.in,Raigad,www.indiraiibm.edu.in,Dr. Swati Padoshi,27753228,27752428,-,Un-Aided,Non-Autonomous,Non-Minority,2008,Management,No
3153,Humera Khan Institute Of Mangement Studies & Reserch- Mumbai,Mhada Complex- Pratiksha Nagar-  Oshiwara- Jogeshwari (W)- Mumbai  400102,admin.mba@hkimsr.edu.in,Mumbai Suburban,www.hkimsr.edu.in,Prof. Tamojit G. Roy,26774588,,Mr. Ayub Chougule,Un-Aided,Non-Autonomous,Linguistic Minority - Hindi,2008,Other,No
3154,Saraswati Education Society's Saraswati College of Engineering-Kharghar Navi Mumbai,Plot No 46/46 A- Sector 5 Near MSEB Sub Station Kharghar Navi Mumbai  Dist. Raigad,registrarsaraswati@gmail.com,Raigad,www.sce.edu.in,DR.Manjusah Deshmukh,27743705,27743706,Mr.Amar Shinde,Un-Aided,Non-Autonomous,Non-Minority,2004,Engineering,No
3155,SYCSPM'S Sinhgad Institute of Business Management- Chandivali- Powai- Mumbai,Plot No. 126- MHADA Colony- Chandivali- Powai- Mumbai.  400072,info@sycspm.org,Mumbai Suburban,www.sycspm.org,Dr. S. Mohanty,28582888,28472090,P. L. Jangam,Un-Aided,Non-Autonomous,Non-Minority,2008,Management,No
3157,Shree Ghatkopar Sarvajanik Jivdaya Khatur's Aruna Manharlal Shah Institute of Management & Research- Ghatkopar,R. B. Kadam Marg(Jivdaya Lane)- Near MTNL Exchange- Agra Road- Ghatkopar (w) Mumbai  400086,info@amsimr.org,Mumbai Suburban,www.amsimr.org,Mr. Purav Shah,25126805,25126805,Mr. Pankaj Mehta,Un-Aided,Non-Autonomous,Non-Minority,2009,Management,Yes
3158,Saket Gyanpeeth's- Saket College of management- Kalyan,S.No.27- H.No.10- Katemanivlli- Kalyan (East)-Dist:Thane  421304,saketcollegeofmanagement@gmail.com,Thane,www.saketcollegeofmanagement.com,Dr.Sanoj Kumar,2250469,2250469,Mr.Vinayak N Mane,Un-Aided,Non-Autonomous,Linguistic Minority - Hindi,2009,Management,No
3159,JNIESTR's-Rajeev Gandhi College of Management Studies- Navi Mumbai,Plot No. 1-Sector-8- Ghansoli- Navi Mumbai.,rgcms@rediffmail.com,Thane,www.rgcms.edu.in,Dr. Anil Matkar,7303760809,,Dinesh T. Gabhane,Un-Aided,Non-Autonomous,Non-Minority,2009,Management,No
3160,Mahatma Edu.Soc.'s Pillai's HOC Institute of Management Studies & Research- Khalapur Dist. Raigadh,Pillai's HOCL Educational Campus-Rasayani-Khalapur- Via Panvel- Dist Raigad.  410207,vpillai@mes.ac.in,Raigad,www.phimsr.ac.in,Dr. Shasidharan Pillai,250066,250066,Ashrin Khan,Un-Aided,Non-Autonomous,Linguistic Minority - Malyalam,2009,Management,Yes
3161,Viva Institute of Management and Research (Viva School of Management and Research),Viva Institute of Management and Research (Viva School of Management and Research),contact@vivaimr.org,Palghar,www.vivaimr.org,Dr. Hireshkumar Shankarlal Luhar,6990999,9321754320,Mr. Mahendra D. Kajare,Un-Aided,Non-Autonomous,Non-Minority,2012,Management,Yes
3162,Bharti Vidyapeeth's Institute of Management & Information Technology- Navi Mumbai,Sector 8. CBD- Belapur- Navi Mumbai  400614,admission@bvimit.co.in,Thane,www.bvimit.co.in,Bharati Vidyapeeth's Institute of Management  Informati,27578415,27578415,Amol Ghatage,Un-Aided,Non-Autonomous,Non-Minority,2002,Engineering,No
3163,Shri Angarsiddha Shikshan Prasarak Mandal's Diploma In Pharmacy Institute-Sangulwadi-Tal-Vaibhavwadi,Np 1290- At Post Sangulwadi- Vaibhavwadi- Sindhudurg 416810,0852principal@msbte.com,Sindhudurg,www.saspmsdpharm.in,Mr. Patil Jivan Rajaram,237370,237370,Mr.Ganesh Patil,Un-Aided,Non-Autonomous,Non-Minority,2007,Pharmacy,No
3165,Viva School Of MCA- Virar (E),Viva School Of MCA- Virar (E),principal@vivamca.org,Palghar,www.vivamca.org,Dr. Minesh Ade,7770002544,7887447776,Mr. Mahendra Kajare,Un-Aided,Non-Autonomous,Non-Minority,2012,Other,No
3167,Mumbai Education Trust's Institute of Computer Science- Bandra (W)- Mumbai,Gen. Arunkumar Vaidya Chowk- 2nd Floor- MET complex- Bandra Reclamation- Bandra(W)- Mumba 400050,principal_ics@met.edu,Mumbai Suburban,www.met.edu,Dr.Abhijit Banubakode,39554267,39554267,Mr. Shrikant S. Apte,Un-Aided,Non-Autonomous,Non-Minority,2001,Other,No
3168,Thakur Institute of Management Studies Career Development Research- Kandivali (E)- Mumbai,Shyamanarayan Thakur Marg- Thakur Village- Kandivali (E)- Mumbai - 400101,timscdr@thakureducation.org,Mumbai Suburban,www.timscdrmumbai.in,Dr. Vinita Gaikwad,67308301,67308318,Mr. Shailesh Sharma,Un-Aided,Non-Autonomous,Linguistic Minority - Hindi,2001,Management,Yes
3169,Late Bhausaheb Hiray S. S. Trust's Institute of Computer Application- Bandra (E)- Mumbai,S.No 341- Next to New English School-Opp. Kherwadi police station Govt. Colony- Bandra(E)- Mumbai  400051,hirayplacement@yahoo.co.in,Mumbai Suburban,hiray.org,Ms. Sonali Mote ,26570986,26570892,ANIL PARAB,Un-Aided,Non-Autonomous,Non-Minority,2001,Other,No
3173,Deccan Education Society's Navinchandra Mehta Institute of Technology & Development- Dadar- Mumbai,DES's Mumbai Campus- Kirti College Road- Dadar (W)- Mumbai.  400028,director@nmitd.edu.in,Mumbai City,www.nmitd.edu.in,Dr. Samadhan Khamkar,62764583,62764583,PRASAD KULAKRNI,Un-Aided,Non-Autonomous,Non-Minority,2008,Engineering,No
3174,Ramrao Adik Edu Soc- Ramarao Adik Institute of Tech.- Navi Mumbai,Dr. D.Y. Patil Vidyanagar- Sector-7- Phase-I- Nerul- Navi Mumbai,ramraoadik@gmail.com,Thane,www.rait.ac.in,Dr. Ramesh Vasappanavara,27709574,,Dr. Tanmay Sinnarkar,Un-Aided,Non-Autonomous,Non-Minority,1983,Other,No
3175,M.G.M.'s College of Engineering and Technology- Kamothe- Navi Mumbai,At Junction of NH4 & Sion-Panvel Expressway-  Kamothe- Navi Mumbai,principal.cet@mgmmumbai.ac.in,Raigad,www.mgmmumbai.ac.in,Dr. Santosh K. Narayankhedkar,27433421,65138119,Dr. Sunita Shinde,Un-Aided,Non-Autonomous,Non-Minority,1986,Engineering,No
3176,Thakur College of Engineering and Technology- Kandivali- Mumbai,Thakur Shyamnarayan Marg-Thakur Village-Kandivali(E)- Mumbai,tcet@thakureducation.org,Mumbai Suburban,www.tcetmumbai.in,Dr.B.K.Mishra,67308000,67308000,Pankaj Singh,Un-Aided,Autonomous,Linguistic Minority - Hindi,2001,Engineering,No
3181,K.J.Somaiya College of Engineering- Vidyavihar- Mumbai,Vidya_Nagar- Vidya Vihar- Mumbai,principal.engg@somaiya.edu,Mumbai Suburban,www.somaiya.edu/kjsce,DR. SHUBHA PANDIT,66449191,,SANJAY KAKADE,Un-Aided,Autonomous,Linguistic Minority - Gujarathi,1983,Engineering,No
3182,Thadomal Shahani Engineering College- Bandra- Mumbai,37th Road- Off Linking Road- (Near National)- Bandra (West)- Mumbai,gtthampi@yahoo.com,Mumbai Suburban,www.tsec.edu,Prof. (Dr.) G.T.Thampi,26041631,26047087,Manohar Chandwani,Un-Aided,Non-Autonomous,Linguistic Minority - Sindhi,1983,Engineering,No
3183,Anjuman-I-Islam's M.H. Saboo Siddik College of Engineering- Byculla- Mumbai,8- M.H.Saboo Siddik Polytechnic Road- P.O.Box: 4627- Byculla -Mumbai,aimhssce@gmail.com,Mumbai City,www.mhssce.ac.in,Dr. Mohiuddin Ahmed,23012922,,Mr. Syed Wajihuddin,Un-Aided,Non-Autonomous,Religious Minority - Muslim,1984,Engineering,No
3184,Fr. Conceicao Rodrigues College of Engineering- Bandra-Mumbai,Father Agnel Ashram - Band-stand- Bandra (West)- Mumbai,crce@fragnel.edu.in,Mumbai Suburban,www.fragnel.edu.in,Dr. Srija Unnikrishnan,67114000,67114101,Chandrashekhar Shetty,Un-Aided,Non-Autonomous,Religious Minority - Christian,1984,Engineering,No
3185,Vivekanand Education Society's Institute of Technology- Chembur- Mumbai,Hashu Advani Memorial Complex- Behind Collector Colony- R.C. Marg- Chembur- Mumbai,vesit@vsnl.com,Mumbai Suburban,www.ves.ac.in/vesit,Dr. (Mrs.) J. M. Nair ,61532532,61532511,Mrs. Asma Parveen I.Siddavatam,Un-Aided,Non-Autonomous,Linguistic Minority - Sindhi,1984,Engineering,No
3186,Indrayani Shikshan Prasarak Mandal Shri Pushpasen Sawant College of Diploma Pharmacy-Kudal,At Post Digas- Tal. Kudal Dist. Sindhudurg Sindhudurg - 400088,indrayanipharmacy@gmail.com,Sindhudurg,www.spspharmacycollege.com,Mr.Amit Ashok Shahapurkar,229022,229022,MRS. NEHA MAHENDRA PARAB,Un-Aided,Non-Autonomous,Non-Minority,2006,Pharmacy,No
3187,N.Y.S.S.'s Datta Meghe College of Engineering- Airoli- Navi Mumbai,P.B. No. 15- CIDCO Colony- Plot No. 98- Sector 3-  Airoli- Navi Mumbai,principaldmce@yahoo.com,Thane,www.dmce.ac.in,Dr. S. D. Sawarkar,27791662,,na,Un-Aided,Non-Autonomous,Non-Minority,1988,Engineering,No
3188,Padmabhushan Vasantdada Patil Pratishthans College of Engineering- Sion-Mumbai,Padmabhushan Vasantdada Patil Education Complex- Eastern Express Highway- Near Everard Nagar-  Sion-Chunabhatti Mumbai,principal@pvppcoe.ac.in,Mumbai City,www.pvppcoe.ac.in,Dr. Alam N. Shaikh,24070547,,Mr. Shailesh A. Mokashi,Un-Aided,Non-Autonomous,Non-Minority,1990,Engineering,No
3189,Bharati Vidyapeeth College of Engineering-  Navi Mumbai,Sector - 7-CBD- Belpur- Navi Mumbai 400614,principal.bvcoenm@bharatividyapeeth.edu,Thane,www.bvcoenm.edu.in,Dr.Sandhya D. Jadhav,27572140,27571074,Mr. Santosh Shahaji Pawar,Un-Aided,Non-Autonomous,Non-Minority,1990,Engineering,No
3190,Terna Engineering College- Nerul- Navi Mumbai,Plot No. 12- Sector-22-Opp. Nerul Railway Station-Phase-II- Nerul (W)-Navi Mumbai,principal@terna.org,Thane,www.ternaengg.ac.in,Dr. LAKSHMAPPA RAGHA,61115444,61115401,Kavita S.Kadam,Un-Aided,Non-Autonomous,Non-Minority,1991,Engineering,No
3191,Mandar Education Society's Rajaram Shinde College of Engineering- Pedhambe,At Pedhambe- Po. Alore- Tal : Chiplun- Dist. Ratnagiri,rscoedegree@gmail.com,Ratnagiri,www.mandaredusoc.org,DR. ANEESH GANGAL,230005,230005,D K Gaikwad,Un-Aided,Non-Autonomous,Non-Minority,1993,Engineering,No
3192,Smt. Indira Gandhi College of Engineering- Navi Mumbai,Plot No.1- Sector No. 08- Ghansoli - Navi Mumbai 400 701,contactus@sigce.edu.in,Thane,www.sigce.edu.in,Dr. Sunil S. Chavan,27543608,8080949300,Chandrakant Jadhav,Un-Aided,Non-Autonomous,Non-Minority,1993,Engineering,No
3193,Shivajirao S. Jondhale College of Engineering- Dombivali-Mumbai,Sheel Kalyan Highway- Behind Venkatesh Petrolpump- Sonarpada- Manpada Post- Dombivali (E) Thane,officessjcoe@gmail.com,Thane,www.shivajiraojondhalecoe.org.in,Dr. Bakal Jagdish Wasudeorao,2872560,2023973, Mr. Shejul F. C.,Un-Aided,Non-Autonomous,Non-Minority,1994,Engineering,No
3194,Vidyavardhini's College of Engineering and Technology- Vasai,Vasai Road (W Rly)- Tal: Vasai- District Palghar,vcet_inbox@vcet.edu.in,Palghar,www.vcet.edu.in,DR HARISH V. VANKUDRE,2338234,2338234,Mr. Vishal K. Save,Un-Aided,Non-Autonomous,Non-Minority,1994,Engineering,No
3196,Lokmanya Tilak College of Engineering- Kopar Khairane- Navi Mumbai,Sector - 4- Plot N0 17 & 18- Vikas Nagar- Koparkhairane- Navi Mumbai,principal.ltce@gmail.com,Thane,www.ltce.in,Dr. Vivek K. Sunnapawr,27541005,,Pradeep D. Nangare Patil,Un-Aided,Non-Autonomous,Linguistic Minority - Hindi,1994,Engineering,No
3197,Agnel Charities' FR. C. Rodrigues Institute of Technology- Vashi- Navi Mumbai,Sector 9-A-  Vashi- Navi Mumbai-,principalfcrit@gmail.com,Thane,www.fcrit.ac.in,Dr. S.M.KHOT,227771000,27771000,Neena Biju Nair,Un-Aided,Non-Autonomous,Religious Minority - Christian,1994,Engineering,No
3198,Konkan Gyanpeeth College of Engineering- Karjat,Vengaon Road- Dahivali- Karjat,principal@kgce.edu.in,Raigad,www.kgce.edu.in,Dr.Madhukar J.Lengare,222580,222580,A,Un-Aided,Non-Autonomous,Non-Minority,1994,Engineering,No
3199,Shri Vile Parle Kelvani Mandal's Dwarkadas J. Sanghvi College of Engineering- Vile Parle-Mumbai,Plot No. U-15- J.V.P.D. Scheme- Bhaktivedanta Swami Marg- Vile Parle (West)- Mumbai,info@djsce.ac.in,Mumbai Suburban,www.djsce.ac.in,Dr. Hari Vasudevan,26123892,26123892,Mrs. Shreeya Hadkar,Un-Aided,Non-Autonomous,Linguistic Minority - Gujarathi,1994,Engineering,No
3200,Hope Foundation and research center's  Finolex Academy of Management and Technology- Ratnagiri,P- 60- P-60/1- MIDC- Mirjole Block- Ratnagiri,admin@famt.ac.in,Ratnagiri,www.famt.ac.in,DR. KAUSHAL PRASAD,229657,229569,Gajanan D Targaonkar,Un-Aided,Non-Autonomous,Non-Minority,1996,Engineering,Yes
3201,Rizvi Education Society's Rizvi College of Engineering- Bandra-Mumbai,Rizvi Educational Complex- Off Carter Road- Sherly Rajan Village- Bandra (W)- Mumbai,info@eng.rizvi.edu.in,Mumbai Suburban,www.eng.rizvi.edu.in,Dr. Varsha Shah,26043866,,Mr.Vaquar Shaikh,Un-Aided,Non-Autonomous,Religious Minority - Muslim,1998,Engineering,No
3202,Rajendra Mane College of Engineering & Technology  Ambav Deorukh,At - Ambav (Devrukh).Tal Sangameshwar-Dist.- Ratnagiri,info@rmcet.com,Ratnagiri,www.rmcet.com,Dr. M. M. Bhagwat,269400,269609,Padmanabh Shelar,Un-Aided,Non-Autonomous,Non-Minority,1998,Engineering,No
3203,Atharva College of Engineering-Malad(West)-Mumbai,S. No. 263- Plot No. 8-12- Malad-Marve Rd- Charkop Naka- Malad(W)- Mumbai,ace@atharvaeducation.com,Mumbai Suburban,www.atharvaeducation.com,Dr. SHRIKANT KALLURKAR,40294949,40294907,ANANDA  KANGANE,Un-Aided,Non-Autonomous,Non-Minority,1999,Engineering,No
3204,St. Francis Institute of Technology-Borivali- Mumbai,Mount Poinsur- S.V.P. Road- Borivali ( W )- Mumbai,sfedu@sfit.ac.in,Mumbai Suburban,www.sfit.ac.in,Dr.Sincy George,28928585,,-,Un-Aided,Non-Autonomous,Religious Minority - Christian,1999,Engineering,No
3205,Bharati Vidyapeeth College of Pharmacy- Belapur- Navi Mumbai,Sector 8- C.B.D- Belapur- Dist Thane,bharaticop@rediffmail.com,Thane,www.bvcop.in,Dr. Vilasrao J. Kadam,27571122,27574515,Patankar G. L.,Un-Aided,Non-Autonomous,Non-Minority,1993,Pharmacy,No
3206,S.S.P.M.'s College of Engineering- Kankavli,A/P-Harkul Budruk- Tal- Kankavali. Dist-Sindhudurg,sspmcoe@gmail.com,Sindhudurg,www.sspmcoe.ac.in,Dr. Aneesh C. Gangal,233812,,Shri Sagar Suresh Saikar,Un-Aided,Non-Autonomous,Non-Minority,1999,Engineering,No
3207,Mahatma Education Society's Pillai College of Engineering- New Panvel,Dr. K.M.Vasudevan Pillais' Campus Plot No. 10- Sector 16- New Panvel- Dist.Raigad,principalpce@mes.ac.in,Raigad,www.pce.ac.in,Dr. Sandeep M. Joshi,27456100,27451700,P. Kumaran,Un-Aided,Non-Autonomous,Linguistic Minority - Malyalam,2000,Engineering,No
3208,Don Bosco Institute of Technology- Mumbai,Premier Automobiles Road-Opp. Fiat Company- Kurla (West)- Mumbai,dbit@dbit.in,Mumbai Suburban,www.dbit.in,Dr. Prasanna Nambiar,25042018,25040508,Mr. Rajendra Tatkare,Un-Aided,Non-Autonomous,Religious Minority - Roman Catholics,2001,Engineering,No
3209,K J Somaiya Institute of Engineering and Information Technology- Sion- Mumbai,Somaiya Auryvihar Complex-  Near Everard Nagar Eastern Express Highway- Sion (East)- Mumbai,principal.tech@somaiya.edu,Mumbai Suburban,www.somaiya.edu/vidyavihar/kjsieit,Dr. Suresh K. Ukarande,24080331,24061401,Ankush Gaikwad,Un-Aided,Non-Autonomous,Linguistic Minority - Gujarathi,2001,Engineering,No
3210,Excelsior Education Society's K.C. College of Engineering and Management Studies and Research- Kopri- Thane (E),Mith bunder Road- Near Sadguru Gardens- Kopri- Thane (E),kcce21@hotmail.com,Thane,www.kccoe.org,Dr. VILAS N. NITNAWARE,25327100,,Mahesh Suresh Dalvi,Un-Aided,Non-Autonomous,Linguistic Minority - Punjabi,2001,Engineering,Yes
3211,S.I.E.S. Graduate School of Technology- Nerul- Navi Mumbai,Sri. Chandrsekarendra Saraswathy Vidyapuram- Sector-5- Plot 1C&1E- Nerul Dist. Raigad,principalgst@sies.edu.in,Raigad,www.siesgst.edu.in,Dr. Atul Kemkar,61082400,61082404,V.Vijayalakshmi,Un-Aided,Non-Autonomous,Linguistic Minority - Tamil,2002,Engineering,No
3212,WATUMULL INSTITUTE OF ELECTRONICS ENGINEERING & COMPUTER TECHNOLOGY- ULHASNAGAR,Plot No.157-C.H.M.Campus-Opp.Ullhasnagar Rilway Station-Ulhasnagar-421003(W),principal@watumull.edu,Mumbai City,www.watumull.edu,DR.SUNITA SHARMA,2567670,,Mr.Avinash Gondal,Un-Aided,Non-Autonomous,Linguistic Minority - Sindhi,2002,Engineering,No
3214,Xavier Institute Of Engineering C/O  Xavier Technical Institute-Mahim-Mumbai,Opposite S.L.Raheja Hospital- Mahim Causeway- Mahim(W)-   Mumbai,office@xavierengg.com,Mumbai City,www.xavierengg.com,Dr. Y. D. Venkatesh,24451961,,Ereena G. Rodrigues,Un-Aided,Non-Autonomous,Religious Minority - Christian,2005,Engineering,No
3215,Bhartiya Vidya Bhavan's Sardar Patel Institute  of Technology - Andheri- Mumbai,Bhavan's Campus- Versova Road- Munshi Nagar- Andheri (West)- Mumbai,principal@spit.ac.in,Mumbai Suburban,www.spit.ac.in,Dr. B N Chaudhari,26287250,,Mrs. Pallavi More,Un-Aided,Autonomous,Non-Minority,1995,Engineering,No
3216,Gharda Foundation's Gharda Institute of Technology-Khed- Ratnagiri,A & Po. Lavel Tal Khed-  Dist. Ratnagiri,principal@git-india.edu.in,Ratnagiri,www.git-india.edu.in,Dr. Pramod Shriniwas Joshi,262798,,Mr. Mangesh S. Gadre,Un-Aided,Non-Autonomous,Non-Minority,2007,Engineering,No
3217,Vighnaharata Trust's  Shivajirao S. Jondhale College of Engineering & Technology- Shahapur- Asangaon- Dist Thane,At Asangaon- Tal Shahapur- Opp Railway station- Dist : Thane,vjtsscoe@rediffmail.com,Thane,www.jondhleengg.org,Dr. GEETHA K. JAYARAJ,273999,273999,KISHOR JONDHALE,Un-Aided,Non-Autonomous,Non-Minority,2007,Engineering,No
3218,Aldel Education Trust's St. John College of Engineering & Management- Vevoor- Palghar,St. John Technical Education Complex- Village Vevoor-Manor Road  Palghar (E),office@sjcem.edu.in,Palghar,www.sjcet.co.in,Dr. G.V. Mulgund,297275,0,MR. SATISH KUMAR TIWARI,Un-Aided,Non-Autonomous,Religious Minority - Christian,2008,Engineering,No
3219,Koti Vidya Charitable Trust's  Smt. Alamuri Ratnamala Institute of Engineering and Technology-  Sapgaon- Tal. Shahapur,Sapgaon- Taluka Shahapur  Dist. Thane,lsb@armiet.com,Thane,www.armiet.com,Dr. LAVENDRA S BOTHRA,40244310,40244310,Ankit Suresh Sanghavi,Un-Aided,Non-Autonomous,Linguistic Minority - Hindi,2008,Engineering,No
3220,Saraswati Education Society- Yadavrao Tasgaonkar College of Engineering and Management- Nasarapur- Chandai- Karjat,Chandhai- Neral - Kadav Raod- Post Nasrapur- Taluka Karjat- Dist. Raigad,sesytcem@gmail.com,Raigad,www.tasgaonkartech.com,Prof. Raju Sairise,321524,321524,vivek dadu sawant,Un-Aided,Non-Autonomous,Non-Minority,2008,Engineering,No
3221,Late Shri. Vishnu Waman Thakur Charitable Trust- Viva Institute of Technology- Shirgaon,Shirgaon- At. Post Virar- Tal. Vasai. Thane,principalvit@vivacollege.org,Palghar,www.viva-technology.org,Dr. Arun Kumar,7770002544,7770002544,Mr. Mahendra D. Kajare,Un-Aided,Non-Autonomous,Non-Minority,2009,Engineering,No
3222,Haji Jamaluddin Thim Trust's Theem College of Engineering- At. Villege Betegaon- Boisar,At Village Betegaon-Boisar Chillhar Road - Near Union Park-  Boisar(E)- Tal: Palghar-,info@theemcoe.org,Palghar,www.theemcoe.org,Dr. Aqueel Ahmed Shah,284909,284926,SHEETAL PATIL,Un-Aided,Non-Autonomous,Religious Minority - Muslim,2009,Engineering,No
3223,Mahatma Education Society's Pillai HOC College of Engineering & Technology- Tal. Khalapur. Dist. Raigad,Pillai HOCL Educational Campus- Rasayani- Tal. Khalapur. Dist. Raisad-,pragneshshah@mes.ac.in,Raigad,www.mes.ac.in,Dr. Madhumita Chatterjee,252005,250066,Mr.Shirish Mayekar,Un-Aided,Non-Autonomous,Linguistic Minority - Malyalam,2009,Engineering,No
3224,Leela Education Society- G.V. Acharya Institute of Engineering and Technology- Shelu- Karjat,Shelu/Damat Village- (Opp. Shelu Rly Station)- Tal. Karjat. Dist. Raigad,principalgvaiet@yahoo.com,Raigad,www.leelaeducationsociety.org,Dr. Rajendra Prasad,229628,229628,Swapnil Bafana,Un-Aided,Non-Autonomous,Non-Minority,2009,Engineering,No
3225,Saraswathi Vidya Bhavan's College of Pharmacy- Dombivli,Shankaranagar- Shilpada Road- Dombivali (E)- Dist : Thane,svbpharma@rediffmail.com,Thane,www.svbpharmacy.org,Dr.Monita P. Gide  M.Pharm Ph.D.,6515160,6515161,Dhammadeep Lohbande,Un-Aided,Non-Autonomous,Linguistic Minority - Tamil,1993,Pharmacy,No
3226,Mumbai Educational  Trust's Institute of Pharmacy- Mumbai,General Arunkumar Vaidya Chowk- Bandra Reclamation- Bandra (W) Mumbai,degree_iop@met.edu,Mumbai Suburban,www.met.edu,Dr.(Mrs.)Abha Doshi,39554230,39554226,Mrs.Manasi Vaidya,Un-Aided,Non-Autonomous,Non-Minority,1994,Pharmacy,No
3228,SVKM's Dr. Bhanuben Nanavati College of Pharmacy- Mumbai,Gate No.1- Mithibai College Campus- 1st Floor- V.M. Road- Vile parle (West)- Mumbai,registrar@bncp.ac.in,Mumbai Suburban,www.bncp.ac.in,Dr. Munira Momin,42332052,42332052,Reshma Sidhwani,Un-Aided,Non-Autonomous,Linguistic Minority - Gujarathi,2004,Pharmacy,No
3229,Dr. L. H. Hiranandani College of Pharmacy -Ulhasnagar,C.H.M. College Campus- Opp. Ulhasnagar Railway Station Ulhasnagar Dist : Thane,dlhhcop@hsncb.com,Thane,www.hsncbscop.com,Dr. Parag S. Gide,2733963,,Dr. L. H. Hiranandnai College of Pharmacy ,Un-Aided,Non-Autonomous,Linguistic Minority - Sindhi,2004,Pharmacy,No
3230,NCRD's Sterling Institute of Pharmacy- Navi Mumbai,Plot 93 sector 19 Nerul(E)- Navi Mumbai,ncrdsipoffice@gmail.com,Thane,www.ncrdsip.org,Dr. M.S.Gadge,27715308,9819939298,Dr. Suvarna Phadtare,Un-Aided,Non-Autonomous,Non-Minority,2004,Pharmacy,No
3231,Oriental College of Pharmacy - Navi Mumbai,Plot No. 2-3 & 4 - Sector 2- Sanpada- Navi Mumbai  Dist. Raigad,admin.ocp@oes.ac.in,Raigad,www.oes.ac.in,Dr.(Mrs.) Sudha Rathod,27753117,27758215,surekha gaikwad,Un-Aided,Non-Autonomous,Linguistic Minority - Hindi,2004,Pharmacy,No
3232,Yadavrao Tasgaonkar Institute of Pharmacy-Chandhai- Bhiv-puri Road Station- Tal-Karjat,Dr.N.Y.Tasgaonkar Education Complex- Village Chandhai-Near Bhivpuri Road Rly station-Tal-Karjat-(on Mumbai-Pune Rly Rout) Dist. Raigad,nanduyt@hotmail.com,Raigad,www.tasgaonkartech.com,Dr. Rupali R.Tasgaonkar,7350833666,7350833666,Mr. Satywan Sawant ,Un-Aided,Non-Autonomous,Non-Minority,2005,Pharmacy,No
3233,Govindrao Nikam College Of Pharmacy- Sawarde,Sawarde (Wahalphata) Tal. Chiplun Dist. Ratnagiri ,sssdgpharmacy@rdiffmail.com,Ratnagiri,sawardepharmacy.com,Dr. BATTASE ANIL PURSHOTTAM,264163,264163,WAGHCHOURE PRAVIN S,Un-Aided,Non-Autonomous,Non-Minority,2005,Pharmacy,No
3234,Maharashtra Education Society's H.K. College of Pharmacy- Jogeshwari- Mumbai,Prateeksha Nagar- New MHADA Colony- transit camp- Jogeshwari- Mumbai,anubha.khale@hkcp.edu.in,Mumbai Suburban,www.hkcp.edu.in,DR. ANUBHA R. KHALE,26788462,26774639,MR. AYUB CHOUGULE,Un-Aided,Non-Autonomous,Linguistic Minority - Hindi,2006,Pharmacy,No
3235,Gahlot Institute of Pharmacy- Koparkhairane- Navi Mumbai,Plot No 59 - Sector  14-  Koparkhairane-Navi Mumbai,gahlot_pharma@rediffmail.com,Thane,www.gip.edu.in,Dr. V.H.Bhaskar,27550816,27550819,Mrs.Chhaya Waghmare,Un-Aided,Non-Autonomous,Non-Minority,2006,Pharmacy,No
3236,Konkan Gyanpeeth Rahul Dharkar College of Pharmacy & Research Institute- Karjat- Dahivali- Karjat  Dist. Raigad,Vengaon Road- Dahivali- Karjat- Dist. Raigad,p.kgrdcp@gmail.com,Raigad,www.kgrdcp.com,Dr.Mohan K.Kale,220312,,SHIVRAM S. PATIL,Un-Aided,Non-Autonomous,Non-Minority,2006,Pharmacy,Yes
3237,Vivekanand Education Society's College of Pharmacy- Chembur- Mumbai,Hashu Advani Memo Complex- Behind Collector Colony- Wadhawali Village- Chembur Mumbai,vespharm@yahoo.co.in,Mumbai Suburban,www.ves.ac.in/pharmacy,Dr. Supriya Shidhaye,61144144,25241533,MILIND GHADI,Un-Aided,Non-Autonomous,Linguistic Minority - Sindhi,2007,Pharmacy,No
3238,Adarsh Shikshan Prasarak Mandal's Ideal College of Pharmacy & Research- Ambernath,Bhalgaon At/Post - Dwarli- Haji Malang Road- Kalyan Rly. Station  Dist- Thane,principal_icpr@idealcollege.in,Thane,www.idealcollege.in,Dr. Smita Takarkhede,7718838222,8779515266,Mr. Sanjay Tiwari,Un-Aided,Non-Autonomous,Linguistic Minority - Hindi,2008,Pharmacy,Yes
3239,Prabhodhan Shikshan Prasarak Sanshta's Indira Institute of Pharmacy- Sadavali,A/P Sadavali (Devrukh) Taluka: Sangmeshwar- Dist. Ratnagiri,info@iip.ind.in,Ratnagiri,www.iip.ind.in,Dr. B. C. Hatapakki,261799,261499,MAYURESH BHOPALKAR,Un-Aided,Non-Autonomous,Non-Minority,2008,Pharmacy,No
3240,Aldel Education Trust's St. John Institute of Pharmacy and Research- Vevoor- Palghar,St. John Technical Education Complex- Village Vevoor-Manor Road- Palghar (E)-,office@sjipr.edu.in,Palghar,www.sjipr.in,Dr. (Mrs.) Savita Josephine Tauro,256792,256792,MR. SATISH KUMAR TIWARI,Un-Aided,Non-Autonomous,Religious Minority - Christian,2008,Pharmacy,Yes
3241,Vighnarta Trust- Shivajirao Jondhale College of Pharmacy- Shahapur,Shahpur- Opp. Asangaon Rly Station-  Shahpur- Dist. Thane,vjtsscoe@rediffmail.com,Thane,www.jondhlepharma.org,DR. JAGDEVAPPA S PATIL,273999,26459999,Kalpana S. Londhe,Un-Aided,Non-Autonomous,Non-Minority,2008,Pharmacy,No
3242,Shri Rishikesh Shikshan Prasarak Mandal- D.D.Vispute College of Pharmacy & Research Center- (Devad)-New Panvel,Gat No. 104- AT Post Devad-Vichumbe- Near New Panvel- Tal-Panvel- Dist-Raigad,ashish_aeish@rediffmail.com,Raigad,www.visputepharmacy.info,Dr. Ashish S. Jain,27462888,27468870,prasad mhatre,Un-Aided,Non-Autonomous,Non-Minority,2009,Pharmacy,Yes
3243,Padmshree Dr. D. Y. Patil College of Architecture- Navi Mumbai,Padmshree Dr. D. Y. Patil College of Architecture-  Padmashree Dr. D. Y. Patil Vidyapeeth Campus- Sector - 7-Nerul- Navi Mumbai.Dist. Raigad,principaldypca@gmail.com,Raigad,www.dypatil.edu,Prof. S.V.CHAUDHARI,27709594,27709454,D. D. Kolte,Un-Aided,Non-Autonomous,Non-Minority,1992,Architecture,No
3244,Bharati Vidyapeeth's College of Architecture- Belapur- Navi Mumbai,Sector-8-C.B.D.-Belapur- Opp.Konkan Bhavan. Navi Mumbai  Dist. Raigad,principal.bvcoa@gmail.com,Raigad,bvcoa.kdc4u.net,Mrs.Ritu Deshmukh,27571451,,Mr.Suresh More,Un-Aided,Non-Autonomous,Non-Minority,1992,Architecture,No
3245,Mahatma Education Society's Pillais College of Architecture- New Panvel,Pillais College of Architecture Dr. K.M.Vasudevan Pillai's Campus- 10- Sector 16- New Panvel- Navi Mumbai Dist. Raigad,pica.panvel@gmail.com,Raigad,www.pica.ac.in,(Dr.) Sudnya Mahimkar,27456100,,Virginia Fernandes,Un-Aided,Non-Autonomous,Linguistic Minority - Malyalam,1992,Architecture,No
3246,Rizvi College of Architecture-Bandra(W)- Mumbai,Rizvi Educational  Complex- Off Carter Road- Bandra (W)- Mumbai,rizviarchitecture@gmail.com,Mumbai Suburban,www.arch.rizvi.edu.in,Mohin Merchant,26050624,,Tabrez Khan,Un-Aided,Non-Autonomous,Religious Minority - Muslim,1992,Architecture,No
3247,Kamla Raheja Vidhyanidhi  Institute for Architecture and Environmental Studies- Mumbai,Vidyanidhi Marg- J.V.P.D. Scheme- 10th Road- Mumbai,admin@krvia.ac.in,Mumbai Suburban,www.krvia.ac.in,Mr. Aneerudha Paul - Director,26700918,26700918,Rasika Pande,Un-Aided,Non-Autonomous,Non-Minority,1992,Architecture,No
3248,Late Baliram Hiray S.S. Trust's Dr.Baliram Hiray College of Architecture- Mumbai,Sr No. 351-Opp Kherwadi Police Station-  Next to New English School- Govt. Colony- Bandra (E)- Mumbai,hirayarch@yahoo.co.in,Mumbai Suburban,www.hiray.org,Ar. Sunil Magdum,26570986,,ANIL PARAB,Un-Aided,Non-Autonomous,Non-Minority,1994,Architecture,No
3249,Indian Education Society's College of Architecture- Mumbai,VML Vidyasankul Opp. Leelavati Hospital- 791- Bandra Reclamation- Bandra (W)- Mumbai,iescoa@ies.edu,Mumbai Suburban,www.ies.edu/architecture,IES COLLEGE OF ARCHITECTURE,26561856,26561717,KALPANA PITALE,Un-Aided,Non-Autonomous,Non-Minority,1995,Architecture,No
3250,The Sultan Khan Educational Trust's Asmita College of Architecture,At NH English Academy Campus- Asmita Enclave- Mira Road(E) Dist. Thane,asmitaarch@yahoo.com,Thane,www.asmitacampus.com,Ar. Vinayak Nabar,,28126464,.,Un-Aided,Non-Autonomous,Relogious Minority Muslim & Linguistic Minority Urdu,2006,Architecture,No
3251,L.S. Raheja School of Architecture- Bandra(E)- Mumbai,Raheja Educational Complex- Kher Nagar- Opp.Colgate  Pamolive Ground- Bandra(E)- Mumbai.,rahejaarch@lsrsa.edu.in,Mumbai Suburban,www.lsrsa.edu.in,Prof. Mandar V. Parab,61966666,,Dashrath Kudtarkar,Un-Aided,Non-Autonomous,Non-Minority,2007,Architecture,No
3252,Samayak Sankalp College of Architecture- Aadivali- Ambernath,At post Aadivali- Taluka Ambernath- Dist. Thane,ssc_architecture@rediffmail.com,Thane,www.samyaksankalpa.com,Prof.H.B.BHOGLE,2350412,,Shri. P.H.Thorat,Un-Aided,Non-Autonomous,Religious Minority - Buddhist,2008,Architecture,No
3255,Mandar Education Society's Rajaram Shinde  Institute of Engineering and Technology- Pedhambe,Mandar Education Society's- Rajaram Shinde Instt of Engg  Ratnagiri - 415603,mandar.rsiet@gmail.com,Ratnagiri,www.mandaredusoc.org,Mr. NALAWADE R. B.,230003,,Mr. Bhure P. S. ,Un-Aided,Non-Autonomous,Non-Minority,1983,Engineering,No
3256,Bharati Vidyapeeth's Institute of Technology- Navi Mumbai,Belpada- C. B. D. SECTOR - 7- OPP. Kharghar Railway Station- Navi Mumbai.,bvitmumai@yahoo.com,Thane,www.iotmumbai.bharatividyapeeth.edu,Mr.P.N.Tandon,27572434,27580126,Dilip Ganpat Mahadik,Un-Aided,Non-Autonomous,Non-Minority,1983,Engineering,No
3257,Vidya Prasarak Mandal's Polytechnic- Thane,Chendani- Bunder Road- Jnanadweepa - College Campus Thane - 400601,vpmpoly@vpmthane.org,Thane,www.vpmthane.org,Dr. D.K. Nayak,25364494,25446551,Ms. Sunanda Dabhade,Un-Aided,Non-Autonomous,Non-Minority,1983,Polytechnic,No
3258,Agnel Polytechnic (Fr. Agnel Charities) - Vashi- Navi Mumbai,Sector 9A- Vashi- Navi Mumbai,423agnel@gmail.com,Thane,apv.ac.in,Mrs. Saly Antony,27771000,27771000,Swapnali P. Thottam,Un-Aided,Non-Autonomous,Religious Minority - Christian,1983,Polytechnic,No
3260,Khalapur Taluka Shikshan Prasarak Mandal's-  B.L. Patil Polytechnic- Khopoli- Dist.Raigad,Near Old Police Station- Khopoli-Raigad  410203,ktspkpk@rediffmail.com,Raigad,www.blppolykhopoli.com,Prof. Prashant S. Mane,266157,266157,Mr.S.L.Murade,Un-Aided,Non-Autonomous,Non-Minority,1983,Polytechnic,No
3262,Vidyavardhini's Bhausaheb Vartak Polytechnic- Vasai-Thane,Vidyavardhini's  Campus - Vasai Road (W.Rly) Thane - 401202,vbvpolytechnic@rediffmail.com,Palghar,www.vartakpolytechnic.org,Mr. P. M. Patidar,2334291,6554946,M.B. Vartak,Un-Aided,Non-Autonomous,Non-Minority,1984,Polytechnic,No
3263,Smarth Samaj's S. H. Jondhale Polytechnic- Dombivli,S. S. Jondhale Educational Complex-Shastri Nagar-Dombivli(W) Thane - 421202,shjptech@yahoo.co.in,Thane,www.jondhalepolytechnic.org,MR.MAGAR D. C.,2491544,2489999,MR.PATARE L. E.,Un-Aided,Non-Autonomous,Non-Minority,1984,Polytechnic,No
3264,Sahyadri Shikshan Sanstha's Sahyadri Poly.Sawarde(Ratnagiri),Technical Campus -  Sawarde (Vahal Phata)- Tal:Chiplun- Ratnagiri - 415606,0108principal@msbte.com,Ratnagiri,www.sahyadripoly.org,Mr.BHOSALE  M. R.,264173,264400,Mr. Yashawantrao N.A.,Un-Aided,Non-Autonomous,Non-Minority,1985,Other,No
3267,Sai Shiva Education Trust's- Muchhala Polytechnic-Thane,Sai Baba Vihar Complex- Anandnagar Thane - 400601,muchhalapolytechnic@gmail.com,Thane,www.muchhalapolytechnic.com,Mr. R.S.Bawaskar,25973939,25973939,Mr D.D Verma,Un-Aided,Non-Autonomous,Non-Minority,1995,Polytechnic,No
3268,Samarth. Samaj's. Shivajirao S. Jondhale Polytechnic- Ambernath(E)- Mumbai,Navare Nagar- B Cabin Road- Ambernath(E)-Thane - 421501,147.principal.poly@gmail.com,Thane,www.ssjondhlepoly.org,Mr. Nandarge R.K.,2685004,2687385,Mr.M.N.Pathare,Un-Aided,Non-Autonomous,Non-Minority,1995,Polytechnic,No
3270,Maratha Mandir's Babasaheb Gawade Institute of Technology- Mumbai,Maratha Mandir annex-Babasaheb Gawade Chowk-  Mumbai - 400008,ajit.parab@mmbgims.com,Mumbai City,www.mmbgit.org,Mr.Ajit Bhikaji Parab,66044100,66044100,Yogesh Sawant,Un-Aided,Non-Autonomous,Non-Minority,1997,Engineering,No
3272,Ramrao Adik Education Society's Dr. D.Y.Patil Polytechnic- Nerul,Dr. D.Y.Patil Vidyanagar- Sector-7- Phase-1- Nerul-New Mumbai 400706,dypatilpolytechnic@rediffmail.com,Thane,www.dypatilpolytechnic.ac.in,N.P. VETALE,27709592,27719596,UDAY SHENDE,Un-Aided,Non-Autonomous,Non-Minority,2000,Polytechnic,No
3274,Vidyalankar Polytechnic- Mumbai,Vidyalankar Educational Campus-Antop Hill- Wadala- Vidyalankar Marg- Mumbai - 400037,principal@vpt.edu.in,Mumbai City,www.vpt.edu.in,Ashish Ukidve,24161126,,VIJAY PATIL,Un-Aided,Non-Autonomous,Non-Minority,2002,Polytechnic,No
3275,Kala Vidyamandir Institute of Technology (Polytechnic)- Malad(W)- Mumbai,MHADA World Bank project- Plot  No. M3- RSC-Gaekwad Nagar- Malad(W)-Mumbai - 400095,kvmitprinicipal@rediffmail.com,Mumbai Suburban,www.kvmt.co.in, S. N. GORE,28440012,28440012,P.T.NALE,Un-Aided,Non-Autonomous,Non-Minority,2002,Engineering,No
3277,Shree Shankar Narayan Education Trust-Pravin Patil College of Diploma Engg. & Technology- Bhayinder (E) Western Rly,Navghar-Bhayander(E)- Thane - 401105,info@prppolytechnic.com,Thane,www.prppolytechnic.com,MRS. R. B. PATIL,28044871,28044871,MR. RAJESH BHOIR,Un-Aided,Non-Autonomous,Non-Minority,2002,Engineering,No
3278,Anjuman-I-Islam's Abdul Razzak Kalsekar Polytechnic-Panvel- Navi Mumbai,Plot No. 3-  Sector-16- Near Garden Hotel -Khanda Gaon Raigad - 410206,principal.aiarkp@gmail.com,Raigad,www.arkp.org,Mr. Ramjan Khatik ,27454670,27481508,Nematullah Ataullah,Un-Aided,Non-Autonomous,Religious Minority - Muslim,2002,Polytechnic,No
3279,Institute of Printing Technoloy and Research- Panvel,Plot No. 3- Sector - 11- Balbharati Marg- Khanda Colony- New Panvel- 410206,mmpiptr@gmail.com,Raigad,www.mmpiptr.com,Mr. Balasaheb Ambekar,27481677,,Mr. Balasaheb Ambekar,Un-Aided,Non-Autonomous,Non-Minority,2005,Other,Yes
3280,Shivajirao S. Jondhle Polytechnic- Asangaon- Shahapur.Thane,Opp. Railway Station-Asangaon- Shahapur. Thane - 421601,vjtsscoe@rediffmail.com,Thane,www.jondhlepoly.org,Mrs. Geeta Khare,2481544,2481544,deepak bhide,Un-Aided,Non-Autonomous,Non-Minority,2007,Polytechnic,No
3281,Saraswati Education Society-Saraswati Institute of Technology- Kharghar- Navi Mumbai,Plot No.-46/46A- Behind M.S.E.B.Sub Station- Near Utsav Chowk- Sector-5- Kharghar Navi Mumbai Raigad - 410210,ses.siot.os.09@gmail.com,Raigad,www.siot.edu.in,Mr.D.R. Suroshe,27743705,27743706,Mr. Amar A. Shinde,Un-Aided,Non-Autonomous,Non-Minority,2008,Engineering,No
3282,Saraswati Education Society- Yadavrao Tasgaonkar Polytechnic- Chandha- Nasarapur- Bhivpuri Road Railway,Chandha- Nasarapur- Bhivpuri Road-Near Railway Station- Taluka Karjat Raigad - 410201,nanduyt@hotmai.com,Raigad,www.tasgaonkartech.com,Prof. Nilesh S. Bhelkar,320596,,Mr. Janardan G. Sawant,Un-Aided,Non-Autonomous,Non-Minority,2008,Polytechnic,No
3283,Mahatma Education Society's- Pillai HOC Polytechnic- Rasayani,at Pillai HOCL Educational Campus- Rasayani- Tal.Khalaur- Raigad.,pillaihocpolytechnic@mes.ac.in,Raigad,www.phcp.ac.in,Mr.Amar V.Mange,252005,250066,Ms. Vrushali G. Patil,Un-Aided,Non-Autonomous,Linguistic Minority - Malyalam,2009,Polytechnic,No
3284,Prabhakar Patil Education Society's- Polytechnic-Raigad,SR.No. 54a-At.Bilavale (Thakur Wadi)Post. Vavadal-Tal: Khalapur Tal.Khalapur- Dist.Raigad  410202,ppespoly@gmail.com,Raigad,www.ppespoly.edu.in,Krishna A Joshi,271046,9699416673,Abhijit Thakur,Un-Aided,Non-Autonomous,Non-Minority,2009,Polytechnic,No
3285,Dnyan Prasarak Shikshan Sanstha's- Balasaheb Mhatre Polytechnic-Ambarnath,S.No. 158-1a-160-3/1a-At Kanhor-Tal Ambarnath- Dist Thane,bmpolytechnic09@gmail.com,Thane,www.bmpolytechnic.com,Nagesh Pandit Patil,2665015,2665015,Snehal N Jagtap,Un-Aided,Non-Autonomous,Non-Minority,2009,Polytechnic,No
3286,Leela Education Society- G. V. Acharya Polytechnic-Shelu-  Karjat,Opp.Shelu Rly.Stn. Shelu(W) Tal.Karjat- Dist. Raigad  410201,chitalemukundm@gmail.com,Raigad,www.leelaeducationsociety.org,Mr. Rajendra H. Pawar,229638,,Mr. Niranjan P. Varrier,Un-Aided,Non-Autonomous,Non-Minority,2009,Polytechnic,No
3288,Bhartiya Education/Social Charitable Trust- Sheth Shri Otarmal Sheshmal Parmar College Of Diploma- Raigad,S.No.Of Land 349/350- Velshet-Nagothane-Post:Paigonda Tal:Roha- Dist:Raigad  401106,principalssosp@gmail.com,Raigad,www.osparmarpolytechnic.com,Ashok D. Chavan,222522,222523,Mahesh Jambekar,Un-Aided,Non-Autonomous,Non-Minority,2009,Other,No
3290,Sahyadri Shikshan Sanstha's College of Pharmacy Sawarde,Savarde- Technical Campus (Wahal Phata)  Ratnagiri - 415606,pharmacycollegesawarde@yahoo.in,Ratnagiri,www.ssscops.in,Mr.S. G. Desai,264106,264215,Mr. Gosavi R.D.,Un-Aided,Non-Autonomous,Non-Minority,1984,Pharmacy,No
3291,Mandar Education Society's College of Pharmacy(Diploma)- Pedhambe,At.Alore Post Pedhambe ,ssscopharmacy@gmail.com,Ratnagiri,www.mandaredusoc.org,MR.RANGATE CHANDRAKANT SOPANRAO,230011,230011, MR.VILAS M KHAIRNAR,Un-Aided,Non-Autonomous,Non-Minority,1986,Pharmacy,No
3292,Navyug Vidyapeeth Trust's Institute of Pharmacy-Mahad- Raigad,Ladawali- Mahad- Dist:Raigad-402301,navyug.org@gmail.com,Raigad,www.navyugedu.org,Mrs  Harsha Prakash Patil,222344,223114,Mrs  Harsha Prakash Patil,Un-Aided,Non-Autonomous,Non-Minority,1993,Pharmacy,No
3293,Mumbai Education Trust's Institute Of Pharmacy- Mumbai,Gen.Arunkumar Vaidya Chowk- Near Lilavati Hospital-Bandra Reclamation-Bandra West Mumbai - 400050,pharmacy_166@yahoo.co.in,Mumbai Suburban,www.met.edu,DR. S.D.BHOSALE,39554230,,Mrs. Manisha P. Alat,Un-Aided,Non-Autonomous,Non-Minority,1993,Pharmacy,No
3294,National Centre For Rural Development's  Institute Of Pharmacy - Nerul- Navi Mumbai,Plot No. 93- Opposite Seawoods Rly Stn- Sector 19 Nerul(East)-Navi Mumbai 400706,ncrd.iop@rediffmail.com,Thane,www.ncrdiop.org,Dr. Rupesh Pingale,27715308,,Dipak Walse,Un-Aided,Non-Autonomous,Non-Minority,2003,Pharmacy,No
3296,Saraswati Education Society's Yadavrao Tasgaonkar Institute Of Pharmacy(Diploma)- Bhivpuri- Karjat,Chandhai- Near Bhivpuri Railway Station- Taluka- Karjat- Dist- Raigad 400028,ytipdiploma@gmail.com,Raigad,www.tasgaonkartech.com,Mrs. Rupali Milind Patil,320600,,Vasant k.Sulgaonkar,Un-Aided,Non-Autonomous,Non-Minority,2006,Pharmacy,No
3297,Adarsh Shikshan Mandal's Ideal College Of Pharmacy- Kalyan,Adarsh Vidya Nagari- 21/11- Bhal Gaon- P.O. Dwarli- Haji Malang Road- Via Kalyan Ryl Stn. Thane - 421301,principal_icp@idealcollege.in,Thane,www.idealcollege.in,Mr. Manohar Mrchandani,7718838222,9322372512,Mrs.Manjula Kamat,Un-Aided,Non-Autonomous,Linguistic Minority - Hindi,2006,Pharmacy,No
3298,Bhartiya Education Soc.'s Institute of Pharmacy- Velshet- Tal. Roha- Dist. Raigad,At. Velshet- Nagothen- Tal. Roha- Dist. Raigad. 402106,besvspcy@gamil.com,Raigad,bespharmacycollege.com,Anagha R. Samant,222848,222848,Rajesh B. Sutar,Un-Aided,Non-Autonomous,Religious Minority - Jain,2006,Pharmacy,No
3306,Kiran Patel Educatin Trust's Sardar Vallabhbhai Patel Polytechnic-Mumbai,I.C. Colony - Link Road Mumbai - 400101,svpp11@rediffmail.com,Mumbai City,svpp.com,MR. SUNNY SALL,28925045,28925029,MR. SHASHIKANT G. KHADE,Un-Aided,Non-Autonomous,Linguistic Minority - Gujarathi,1999,Polytechnic,No
3307,Nagrik Shikshan Sanstha's College of Pharmacy,NSS Educational Complex- 'A' wing-3rd floor-94-Tardeo-Mumbai  400034,nsspharmacy165@yahoo.com,Mumbai City,www.nsseducation.org/pharmacycollege,Dr.(Mrs.) D.M.Desai,8976000138,23524233,Mrs. N.N.Tarphe,Un-Aided,Non-Autonomous,Non-Minority,1989,Pharmacy,No
3350,Durgadevi Saraf Institute of Management Studies- Malad (W)- Mumbai,23-A- 24-28- S.V.Road- Malad (W)- Mumbai 400064,c.babu@dsims.org.in,Mumbai Suburban,www.rset.edu.in/dsims,Dr. C Babu,45207711,,Kavita Darji,Un-Aided,Non-Autonomous,Linguistic Minority - Hindi,2010,Management,No
3351,Bharat College of Engineering- Kanhor- Badlapur(W),Kanhor- Badlapur(w).-Tal- Ambernath. Dist. Thane,info@bharatedu.co.in,Thane,www.bharatedu.co.in,Dr.S.N.BARAI,2665001,7666615915,Mr. Satish Vishe,Un-Aided,Non-Autonomous,Non-Minority,2010,Engineering,No
3353,Dilkap Research Institute Of Engineering and Management Studies- At.Mamdapur- Post- Neral- Tal- Karjat-  Mumbai,Village At.Mamdapur- Post- Neral- Tal- Karjat-  Dist.Raigadh,sumaneducationaltrust@gmail.com,Raigad,www.driems.in,DR K NARAYAN CHOUDHARY,651806,651806,Mr. Jalindar Shinde,Un-Aided,Non-Autonomous,Non-Minority,2010,Engineering,Yes
3354,Kohinoor Business School-  Kurla (West)- Mumbai,Kohinoor City- Kirol Road- Kurla West Off LBS Road Mumbai  400070,contact@kbs.ac.in,Mumbai Suburban,www.kbs.ac.in,Dr. Abbasi Attarwala,67887700,67887700,Shraddha Joshi,Un-Aided,Non-Autonomous,Non-Minority,2010,Other,No
3356,Prabhakar Patil Education Society's Institute of Management Studies-Alibag- Raigad,Plot no.4&6- Survey No. 81/6 at & Post Veshvi Gondhalpada-Alibag. Raigad - 402103,ppesims@gmail.com,Raigad,www.ppesmms.com,Prof. Anuj Kurmar Mishra,633272,,Patil Mandar Kashinath,Un-Aided,Non-Autonomous,Non-Minority,2010,Management,No
3357,S A V Acharya Institute of Management Studies- Shelu- Tal. Karjat,Shelu/Damat Village- Taluka Karjat- Dist Thane Raigad - 410101,director.3357savaims.mumbai@gmail.com,Raigad,www.savaims.org,Dr. Shivakant Upadhyaya,229669,229668,Krishna Kishore,Un-Aided,Non-Autonomous,Non-Minority,2010,Management,No
3358,SAS Institute of Management Studies- Boisar Dist. Thane,next to saidham complex- Saravali Boisar- Dist. Thane 401501,deep.sasinstitute@gmail.com,Palghar,www.sasmba.in,Neerja Srivastava,329741,264827,Mrs. Sonali Hadkar,Un-Aided,Non-Autonomous,Non-Minority,2010,Management,No
3359,SASMIRA's Institute of Management Studies & Research- Worli- Mumbai,Sasmira Marg- Worli Mumbai - 400 030 Mumbai Mumbai - 400030,simsr@sasmira.org,Mumbai City,www.simsr.sasmira.org,Dr. Tandon Kamal,24932047,24932047,Mr. Sambhaji H. Kumbhar,Un-Aided,Non-Autonomous,Non-Minority,2010,Management,Yes
3360,GNVS Institute of Management- Sion-Koliwada(E)- Mumbai,Guru Tegh Bahadur Nagar-Sion Koliwada (East) GTB Nagar Rly Stn(E)- Mumbai,gnvsiom@gmail.com,Mumbai City,www.gnvsiom.org,DR RAMAN KUMAR SAILY,24013273,24030054,DHANESH BHURAN,Un-Aided,Non-Autonomous,Non-Minority,2010,Management,No
3419,Sir M Visvesvaraya Institute of Management Studies & Research- Wadala- Mumbai,7A- Wadala(W)- Wadala- Mumbai. 400031,svims1@gmail.com,Mumbai City,www.svims.com,Dr. Purshottam Patil ,24180560,24180561,Yatin Karbhari,Un-Aided,Non-Autonomous,Linguistic Minority - Kannada,2010,Management,Yes
3420,Rajendra Mane Polytechnic- Devrukh- Tal. Sangmeshwar- Dist. Ratnagiri,Survey No. 50/19 & 48/10- Ambav- Devrukh- Tal. Sangmeshwar-Dist-Ratnagiri-415804,info@rmp.ind.in,Ratnagiri,www.rmp.ind.in,Prof. Nitin B. Bhopale,269477,269454,PRASHANT BHINGARDE,Un-Aided,Non-Autonomous,Non-Minority,2010,Polytechnic,No
3421,VIVA College of Diploma Engg &Tech.- At. Bolinj- Virar (W) Dist. Thane,At. Bolinj- Virar (W) Thane - 401303,contact@vivadiploma.org,Palghar,www.vivadiploma.org,Mr.Ravindra Sholapurkar,3211915,3211915,MR. MAHENDRA KAJARE,Un-Aided,Non-Autonomous,Non-Minority,2010,Other,No
3422,New Jai Bharat Shikshan Prasarak Mandal�s Shantiniketan Polytechnic- New Panvel,Plot No. 27- Sector 2- New Panvel. Raigad,njbspmp@gmail.com,Raigad,www.shantiniketanpolytechnic.edu.in,Prof. Nanasaheb Tambe,27460087,27460089,Mrs. Bakul Namdev Dighe ,Un-Aided,Non-Autonomous,Non-Minority,2010,Polytechnic,No
3423,Shree L.R. Tiwari College of Engineering- Mira Road- Mumbai,Survey no. 267- Near Commisioner's Bungalow-Kanakiya Park-Mira Road (E)Thane,slrtce@rahuleducation.com,Thane,www.slrtce.in,Dr.S. Ram Reddy,28120144,28120145,hubale santosh,Un-Aided,Non-Autonomous,Linguistic Minority - Hindi,2010,Engineering,No
3427,Mahatma Education Society's Pillai's HOC College of Architecture- Rasayani,Pillai's HOCL Educational Campus- Rasayani-Tal- Khalapur- Via Panvel- Dist. Raigad,phcarch@gmail.com,Raigad,www.phcoa.ac.in,MRS.SUCHITA M. SAYAJI,252005,252067,Aakash Latke,Un-Aided,Non-Autonomous,Linguistic Minority - Malyalam,2010,Architecture,No
3428,Bharati Vidyapeeth Institute of Pharmacy- Belapur Navi Mumbai,Sector 8- C.B.D. Belapur- Navi Mumbai. 400614,bharatiiop@rediffmail.com,Thane,www.bviop.in,Prof. S.U. Mulla,27572131,,Mr. V.T. Thorat,Un-Aided,Non-Autonomous,Non-Minority,1985,Pharmacy,No
3436,B.R. Harne College of Engineering & Technology- Karav- Tal-Ambernath.,At.Karav- Post Vangani(w)- Tal. Ambernath- Dist. Thane,jsiddhivinayakf@gmail.com,Thane,www.brharnetc.edu.in,Dr. Vikram A. Patil ,2910190,2910193,Shailesh,Un-Aided,Non-Autonomous,Non-Minority,2011,Engineering,No
3437,Sahyadri Institute of Management & Research- Sawarde.,Sawarde- N.H. 17- Chiplun- Dist. Ratnagiri. 415606,simrs2011@gmail.com,Ratnagiri,www.sahyadrimba.org,Miss. Ashwini Jalindar Mahadik,264025,264025,prakash Atmaram jadhav,Un-Aided,Non-Autonomous,Non-Minority,2011,Management,Yes
3438,Aditya Institute of Management Studies & Research- Borivali,F.P. No. 661+663+667/B- TPSIII- Ram Nagar- Borivali(W)- Mumbai,info@aimsr.com,Mumbai Suburban,www.aimsr.edu.in,Dr. Sunita Srivastava,61106111,61106117,Seema Kedia ,Un-Aided,Non-Autonomous,Linguistic Minority - Hindi,2011,Management,Yes
3439,Anjuman-I-Islam's Kalsekar Technical Campus- Panvel,Plot No.2- 3 Sector - 16- Khandgaon- Thane Naka- Panvel Dist. Raigad,aiktc.newpanvel@gmail.com,Raigad,www.aiktc.org,Dr. ABDUL RAZZAK HONNUTAGI,27481247,27481249,Dr. Jamil Daud,Un-Aided,Non-Autonomous,Religious Minority - Muslim,2011,Engineering,No
3440,Metropolitan Institute of Technology & Management- Sukhalwad- Sindhudurg.,At Village Sukhalwad- Near Sindhudurg Railway Station- Post Oras- Tal. Malvan Dist. Sindhudurg,jbfmumbai@gmail.com,Sindhudurg,www.mitm.ac.in,Suryakant C. Nawle,228553,,Rakesh Pal,Un-Aided,Non-Autonomous,Non-Minority,2011,Engineering,No
3442,Rustomjee Business School- Dahisar.,Rustom Irani Marg- Dahisar(W)- Mumbai   400068,rbs@school.rustomjee.com,Mumbai Suburban,www.rbs.rustomjee.com,Dr. Hanif Kanjer,28937458,28938348,Ms. Stevina Rumao,Un-Aided,Non-Autonomous,Religious-Lingustic - Parsi / Gujrati,2011,Other,No
3443,Sheila Raheja School of Business Management & Research- Bandra(E)- Mumbai.,Raheja Educational Complex- Khernagar- Opp. Colgate Ground- Bandra(E)- Mumbai. 400051,admin@srbs.edu.in,Mumbai Suburban,www.srbs.edu.in,Dr.Vijay Wagh,61966666,61966611,Geeta Chauhan,Un-Aided,Non-Autonomous,Non-Minority,2011,Management,Yes
3445,Vishvatmak Jangli Maharaj Ashram Trust's Vishvatmak Om Gurudev College of Engineering- Mohili-Aghai- Shahpur.,At - Mohili- Post. Aghar- Taluka Shahapur- Dist. Thane,vishwatmakengg@gmail.com,Thane,www.vishwatmakengg.com,Dr. Manojkumar Prabhakar Chavan,249001,,Waghmode Madan Narayan,Un-Aided,Non-Autonomous,Non-Minority,2011,Engineering,No
3446,Kala Vidyalaya Trust- Kala Institute of Management Studies & Research- Kandivali,Plot No 2-RSC 6- S.No.41(PART)-Sector 8.CTS. No.3-Village Charkop Kandivali(west)- Mumbai.  400067,kimms571@gmail.com,Mumbai Suburban,www.kimms.co.in,SHRI. V.B. PATIL,29677669,28440012,P.T.NALE,Un-Aided,Non-Autonomous,Non-Minority,2011,Management,Yes
3447,G.M.Vedak Institute of Technology- Tala- Raigad.,At Post Taluka. Tala- Dist. Raigad,gmvedakit@gmail.com,Raigad,www.gmvit.com,Dr.Dilip N. Jaiswal ,269004,269004,Prof. Satish Jadhav,Un-Aided,Non-Autonomous,Non-Minority,2011,Engineering,No
3448,Gokhale Education Society- Katgara Polytechnic Institute- Bordi.,At Post Bordi- Taluka Dhahanu- Dist. Thane  401701,katgarapolytechnic@gmail.com,Palghar,www.katgarapolytechnic.com,Prin. Ganesh U. Mali,254040,254040,Prof. Prakash K. save,Un-Aided,Non-Autonomous,Non-Minority,2011,Polytechnic,No
3449,S.K.Education Trust- Dr. Manoj A Shete College of Engineering & Technology- Kasara.,At Post Kasara- Tal. Shahapur- Dist. Thane,skeducationtrust@yahoo.com,Thane,www.drmscoet.com,MR.RAMESH LIMBAJI SURWASE,246023,,mr.sanjay Bhalerao ,Un-Aided,Non-Autonomous,Non-Minority,2011,Engineering,No
3450,St.Wilfreds Institute of Architecture- Panvel,Survey No 92A/A Opposite Ayush Resort -Near Shedung Tollnaka-Old Bombay Pune Highway-Panvel Dist. Raigad,swc.mumbai@gmail.com,Raigad,www.stwilfredsarchitecture.com,Abhishek Jain,,,Mukesh Soni,Un-Aided,Non-Autonomous,Non-Minority,2014,Architecture,No
3451,Lokmanya Tilak Institute of Architecture and Design Studies- Kopar Khairane- Navi Mumbai.,Sector-4- Vikas Nagar- Kopar Khairane- Navi Mumbai.,ltiads2011@gmail.com,Thane,www.ltiads.ltjss.net,Prof. Harish Setty,27542441,27542442,Anil S. Yadav,Un-Aided,Non-Autonomous,Linguistic Minority - Hindi,2011,Architecture,No
3452,Matoshri. Ushatai Jadhav Institute of Management studies & Research Centre- Bhivandi,Dhamankar Naka- Vidyashram- Bhivandi Thane - 421305,muimrc@gmail.com,Thane,www.muimrc.org,Dr.Sopan Atmaram Bhamare,228585,228585,Pratiksha Manish Deolalkar,Un-Aided,Non-Autonomous,Non-Minority,2011,Management,Yes
3457,Chetana'S Institute Of Management and Research- Bandra(E)- Mumbai,Survey No. 341- Govt. Colony- Bandra (E)- Mumbai- - 400051,director@cimr.in,Mumbai Suburban,www.cimr.in,Dr. Madhumita Patil,62157800,62157805,Nilesh Patil,Un-Aided,Non-Autonomous,Non-Minority,2007,Management,Yes
3458,Smt. Geeta D. Tatkare Polytechnic At Gove- Kolad,At Gove- Post Kolad- Taluka Roha- Dist. Raigad.,sgdtatkarepoly@gmail.com,Raigad,www.sgdtatkarepoly.com,VIPUL VIKAS MASAL,203020,250101,Mr.Ajit Raman Telange,Un-Aided,Non-Autonomous,Non-Minority,2012,Polytechnic,No
3459,Bunts Sangha's Uma Krishna Shetty Institute of Management Studies & Research- Kurla,Buntara Bhavan- Bhandaray Estate- Buntara Bhavan Marg- Kurla- Mumbai,reach.uks@gmail.com,Mumbai Suburban,www.bsm-uks.edu.in,Dr.Krishna Shetty,24059090,,Mr. Prakash More,Un-Aided,Non-Autonomous,Linguistic Minority - Kannada,2012,Management,Yes
3460,Universal College of Engineering-Kaman Dist. Palghar,Kaman Bhiwandi Road- S.N. 146(Part)- Kaman- Vasai,moses.lopes@universal.edu.in,Palghar,www.universal.edu.in,Dr.Ajoy Kumar,69624580,2210044,Mr. Moses Lopes,Un-Aided,Non-Autonomous,Linguistic Minority - Gujarathi,2012,Engineering,No
3462,VPM's Maharshi Parshuram College of Engineering- Velneshwar- Ratnagiri.,At Post Velneshwar- Hedvai-Guhagar Road- Guhagar-Ratnagiri.,info@vpmmpcoe.org,Ratnagiri,www.vpmmpcoe.org,Dr. Amitkumar T. Mane,243101,9527634958,Mr. Ravindra Rasal,Un-Aided,Non-Autonomous,Non-Minority,2012,Engineering,No
3463,Urja Education Society's Aditya Polytechnic- Ratnagiri,Gat No. 493- At And Post Talawade- College Road- Near Adavali Railway Station- Taluka Lanja- Dist. Ratnagiri,urja.aditya@gmail.com,Ratnagiri,www.adityapolytechnic.com,SHRADDHA S. DESAI,9673963564,9673963564,GEETAMANJIRI S. JOSHI,Un-Aided,Non-Autonomous,Non-Minority,2013,Polytechnic,No
3464,Viva Institute of Pharmacy- Virar(E),Shirgaon- Virar(E)- Dist. Palghar,pharmacy@vivacollege.org,Palghar,www.vivapharmacy.org,DR SUNITA OGALE,7770002544,,Mr. Mahendra Kajare,Un-Aided,Non-Autonomous,Non-Minority,2013,Pharmacy,No
3465,Ideal Institute of Technology- Wada- Dist.Thane,40- Pasheri Village- Pimplaj road- Taluka Wada- Dist.Thane.,idealinstituteoftechnology13@gmail.com,Palghar,www.idealwada.com,Dr. Bhuwan Chandra ,212144,212144,Mr. Jugal Mehra ,Un-Aided,Non-Autonomous,Non-Minority,2013,Engineering,No
3466,Devi Mahalaxmi Polytechnic- Titwala- Kalyan,At Mhaskal- Near Ganesh Temple- Titwala- Kalyan.,principal.dmpc@gmail.com,Thane,www.devimahalaxmipolytechnic.in,Madhukar Asre,25948752,25948752,Dr Madhukar Asre,Un-Aided,Non-Autonomous,Non-Minority,2013,Polytechnic,No
3467,Vishwaniketan's Institute of Management Entrepreneurship and Engineering Technology(i MEET)- Khalapur Dist Raigad,Survey No. 52 Kumbhivali- On Mumbai-Pune Expressway- Near Khalapur Toll Naka -Tal-Khalapur- Dist- Raigad,mail.vishwaniketan@gmail.com,Raigad,www.vishwaniketan.edu.in,Dr. B. R. Patil,274206,274210,Mr. H. R. Mavkar,Un-Aided,Non-Autonomous,Non-Minority,2013,Engineering,No
3468,Aditya College of Architecture- Borivali (W)- Mumbai,Adiya Educational Campus- R.M. Bhattad marg- Ram Nagar- Boravali (W)- Mumbai,aditya.architecture@gmail.com,Mumbai Suburban,www.aditya-arch.edu.in,AR RITA NAYAK,61106111,61106134,SEEMA KEDIA,Un-Aided,Non-Autonomous,Linguistic Minority - Hindi,2013,Architecture,No
3469,Dalvi Education and charitable trust Maharashtra Polytechnic- Soveli- Tal. Mandangad,At Shenale- Post Soveli- Tal. Mandangad- Dist Ratnagiri,kalpesh.shinde1984@gmail.com,Ratnagiri,www.mahapoly.in,Dinesh Bhadane,,,Kalpesh Shinde,Un-Aided,Non-Autonomous,Non-Minority,2014,Polytechnic,No
3470,Yashwantrao Bhonsale Polytechnic- Charathe-  Sawantwadi,At Post Charathe ( Vazarwadi)- Tal.Sawantwadi- Sindhudurg.,ybpolytechnic@gmail.com,Sindhudurg,www.sybespolytechnic.com,Gajanan Bhosale,273535,273456,Prasad Mahale,Un-Aided,Non-Autonomous,Non-Minority,2014,Polytechnic,No
3471,New Horizon Institute of Technology & Management- Thane,Anand Nagar- Kavesar- Off. Ghodbunder Road- Thane(W),principal@nhitm.ac.in,Thane,www.nhitm.ac.in,Dr. Prashant D.Deshmukh ,25971778,25971778,Mr. Rupesh Pethe,Un-Aided,Non-Autonomous,Non-Minority,2014,Engineering,No
3472,Thakur School of Architecture- Kandivali,Thakur Education Campus- Shamnarayan thakur marg- Thakur Village- Kandivali(E)- Mumbai.,tsap@thakureducation.org,Mumbai Suburban,www.tsapmumbai.in,Prof. AR.DHIRAJ SALHOTRA,67308001,,Mithun Pednekar,Un-Aided,Non-Autonomous,Linguistic Minority - Hindi,2014,Architecture,No
3474,Ideal Institute of Architecture- Posheri- Wada,Gat No. 40-1 and 2- Pimpal Road- Poseri- Tal. Wada- Dist.Thane,abhigodha431@gmail.com,Palghar,idealarchicture.com,Vrushali Deshmukh,25262144,,Madan Lal,Un-Aided,Non-Autonomous,Non-Minority,2014,Architecture,No
3475,A. P. Shah Institute of Technology- Thane,Survey No. 12- Opp. Hypercity Mall- Kasarvadavali- Ghodbunder Road- Thane (W),principal@apsit.org.in,Thane,www.apsit.edu.in,Dr. Uttam D. Kolekar,25973737,,Dr. Sameer S. Nanivadekar,Un-Aided,Non-Autonomous,Religious Minority - Jain,2014,Engineering,No
3477,Chhartrapati Shivaji Maharaj Institute of Technology- Shedung- Panvel,92A/1- Old Mumbai Pune Highway- Near Shedung Toll naka Village Shedung- Panvel- Dist Raigad,csmit.mah@gmail.com,Raigad,www.csmit.in,Abhishek Jain,,,Mukesh Soni,Un-Aided,Non-Autonomous,Non-Minority,2014,Engineering,No
3478,CTES College of Architecture- Chembur- Mumbai.,N.G. Acharya Marg- Chembur- Mumbai.,principal@ctescoa.com,Mumbai Suburban,www.ctescoa.com,Alka Tawari,25217343,25217343,Supriya Mantri,Un-Aided,Non-Autonomous,Non-Minority,2014,Architecture,No
3479,Shivgiita Institute of Diploma in Pharmacy- Asangaon.,Opp. Asangaon Railway Station- Asangaon- Dist.Thane,vjtsscoe@rediffmail.com,Thane,www.shivgitadpharma.org,Prof. Sunayana Ghodgaonkar,273999,271399,kalpana londhe ,Un-Aided,Non-Autonomous,Non-Minority,2015,Pharmacy,No
3480,Yashwantrao Bhonsale College of Pharmacy- A/P Charathe- Sawantwadi,Buidling No.2- A/P Charathe- Vazarwadi- Tal.Sawantwadi- Dist.Sindhudurg,ybpharmacy@gmail.com,Sindhudurg,www.sybespharmacy.com,Dr. Jagtap Vijay A.,272299,272233,Prasad K. Mahale,Un-Aided,Non-Autonomous,Non-Minority,2015,Pharmacy,No
3481,The Navkonkan Education Society's Institute of Management Studies- Chiplun,S.K.Patil Nagar- Mumbai Goa High way- Chiplun- Dist.Ratnagiri,neimschiplun@gmail.com,Ratnagiri,www.neims.org.in,Dr.Anagha Gokhale,253043,,Vijay Sawant,Un-Aided,Non-Autonomous,Non-Minority,2015,Management,No
3482,B.R. Harne College of Architecture- Karav- Vangani(W),AT Village Karav- Vangani(West)- Dist Thane,brharnecoa@gmail.com,Thane,www.brharnecoa.edu.in,Mr. Uday Keshav More,,,MR. VAMAN YADAV,Un-Aided,Non-Autonomous,Non-Minority,2015,Architecture,No
3483,Vishwaniketan College of Architecture- Art & Design- Khalapur,Survey No. 52- Kumbhivali Near Khalapur Toll Naka- off Mumbai-Pune- Expressway- Khalapur- Raigad,vcaad@vishwaniketan.edu.in,Raigad,www.vishwaniketan.edu.in,Suchetha Mathew,2192274206,,Manoj Anandrao Suryavanshi,Un-Aided,Non-Autonomous,Non-Minority,2016,Architecture,No
3484,Smt. K.L. Tiwari College of Architecture- Nalasopara- Palghar,Survey No. 185- 177- Near Mother Merry English School- Shri Prastha- Nalasopara- Dist Palghar,kantiltiwari1@gmail.com,Palghar,www.skltca.in,Mrs. Rupali H.Gupte,8007916355,9975626257,Mr. Santosh Hubale,Un-Aided,Non-Autonomous,Linguistic Minority - Hindi,2016,Architecture,No
3485,St. Wilfred's Institute of Pharmacy- Panvel,old Mumbai-Pune Highway Near Shedoung Toll plaza- Raigad,swc.mumbai@gmail.com,Raigad,www.swippanvel.in,Abhishek Jain,2143239091,,MukeshSoni,Un-Aided,Non-Autonomous,Non-Minority,2016,Pharmacy,No
3486,Shree Saraswati Institute of Pharmacy- At Post Tondavali- Kankavali,At Post Tondavali- Nandgaon-Ponda road- Taluka Kankavali- Dist.Sindhudurg,shreesaraswatipharmacy@gmail.com,Sindhudurg,www.sespharmacy.com,Kedar Tukaram Kisan,248589,0,Nikhil Vasant Sawant,Un-Aided,Non-Autonomous,Non-Minority,2016,Pharmacy,No
3487,Ideal Institute of Pharmacy- Wada,Ideal Foundation- Wada- Taluka Wada- District Palghar,idealpharmacy3487@gmail.com,Palghar,,Dr. Umesh latyan,0222526214,,MR. LOKESH VYAS,Un-Aided,Non-Autonomous,Non-Minority,2016,Pharmacy,No
3488,School of Environment and Architecture- Borivali,Eksar Road- Borivali(west)- Mumbai.,contact@sea.edu.in,Mumbai Suburban,www.sea.edu.in,Ravindra Punde,,,Dipti Bhaindarkar,Un-Aided,Non-Autonomous,Non-Minority,2016,Architecture,No
3489,Yashwantrao Bhonsale College of D. Pharmacy- Charathe Vazarwadi,Building NO.4- A/P Charathe Vazarwadi- Taluka Sawantwadi- Dist Sindhudurg,ybdpharmacy@gmail.com,Sindhudurg,www.ybdpharmacy.com,Mr. Tushar G. Rukari,272251,,Prasad K. Mahale,Un-Aided,Non-Autonomous,Non-Minority,2017,Pharmacy,No
3490,VP College of Pharmacy- Madkhol- Sawantwadi,Gut No.286- At Post Madkhol- Taluka Sawantwadi- Dist Sindhudurg,vpcpm2017@gmail.com,Sindhudurg,www.vpcpm.org,Dr. Sunil Shingade,246670,246770,Mr Pankaj Patil,Un-Aided,Non-Autonomous,Non-Minority,2017,Pharmacy,No
3492,SBNM College of Pharmacy(D.Pharmacy)- Mahad,Gut No.311 & 313- Achloli- Mahad- Raigad,sbnm.cop@gmail.com,Raigad,,Mr. Kamble Subodh Vishnukant,9970166872,8600494586,Mr. Kamble Subodh Vishnukant,Un-Aided,Non-Autonomous,Non-Minority,2017,Pharmacy,No
3493,Shri Angarsiddha Shikshan Prasarak Mandal's ASPM College of Pharmacy- Sangulwadi,At Post Sangulwadi- Tal Vaibhavwadi- Dist. Sindhudurg,aspmpharmacy@gmail.com,Sindhudurg,www.aspmocop.org,Sudhakar Yeole,237270,237270,Sandeep Patil,Un-Aided,Non-Autonomous,Non-Minority,2018,Pharmacy,No
3494,Smt. Jayshree Sharadchandra Kothari Business School- Dadar- Mumbai,DES Mumbai Campus- Kirti College Road- Veer Savarkar Marg- Mumbai,office.jskbs@despune.org,Mumbai City,www.jskbschool.org,Dr. Rasika Mallya,62764554,62764551,Shridhar Chougule,Un-Aided,Non-Autonomous,Non-Minority,2018,Other,No
3495,Vasantdada Patil Pratishthan's Manohar Phalke College of Architecture- Sion-Chunabhatti- Mumbai,Vasantdada Patil Educational Complex- Eastern Express Highway- Sion-Chunabhatti- Mumbai.,sheetalckamble@gmail.com,Mumbai City,www.mpcoa.in,Ar. Surendra C. Rane,20847227,20847227,SHEETAL CHANDRAKANT KAMBLE,Un-Aided,Non-Autonomous,Non-Minority,2018,Architecture,No
3496,Vivekanand Education Society's  College of Architecture- Chembur- Mumbai,Hashu Advani Memorial Complex- Behind Collector Colony- R.C. Marg- Chembur- Mumbai,,Mumbai Suburban,,Shri Anand Achari ,,,MRS.ROSHNI MORE,Un-Aided,Non-Autonomous,Linguistic Minority - Sindhi,2018,Architecture,No
3497,S.K. Education Trust's Dr. Manoj A. Shete College of Architecture-  Kasara,At post Kasara- Taluka  Shahapur- Dist.Thane,manojpchavan@gmail.com,Thane,202-GOPINATH TOWER PARSIKNAGAR,Dr. Manojkumar Chavan,8108000534,,yogeshwari hardas,Un-Aided,Non-Autonomous,Non-Minority,2018,Architecture,No
3498,Sasmiras Business School- Worli- Mumbai,Sasmira Marg Worli Mumbai - 400030 - Mumbai- Mumbai City - Maharashtra 400030,sbs@sasmira.org,Mumbai City,www.sbs.sasmira.org,Dr. Sanskruti Kadam,24935351,,Sambhaji Kumbhar,Un-Aided,Non-Autonomous,Non-Minority,2017,Other,No
3499,M.S. College Of Pharmacy- Devghar,Sy. No. 120- Devghar-  Taluka : Wada Dist: Palghar- Thane,mscollegeofpharmacy2019@gmail.com,Palghar,www.mscollegeofpharmacy.com,MR. LOKESH VYAS,,,MR. SAMEER KHAN,Un-Aided,Non-Autonomous,Religious Minority - Muslim,2019,Pharmacy,No
3500,Vijayrao Naik College Of  Pharmacy- Shirval,A/P Shirval- Tal-Kankavli- Dist. Sindhudurg,vncop19@gmail.com,Sindhudurg,ykskankavali.co.in,Dr. Supriya R. Hyam,,,Mr. Mandar Trimbak Sawant,Un-Aided,Non-Autonomous,Non-Minority,2019,Pharmacy,No
3501,Siddhis Institute Of Pharmacy- Nandgaon,At.Post Nandgaon Tal. Murbad Dist  Thane,principal.siddhi@gmail.com,Thane,bdsp.org.in,Pachpute T S,8408035769,7666548761,Santosh Deshmukh,Un-Aided,Non-Autonomous,Non-Minority,2019,Pharmacy,No
3503,Indala College Of Engineering- Bapsai Tal.Kalyan,Near Hp Gagangiri Petrol Pump- Kalyan-Murbad Road- Bapsai- Taluka Kalyan- Dist Thane,icoekalyan1@gmail.com,Thane,icoe.ac.in,Dr. C.M. CHOUDHARI,2973456,,Prof. ATUL ZOPE,Un-Aided,Non-Autonomous,Non-Minority,2019,Engineering,No
3504,Raigad College Of Pharmacy- Mohopre,Mohopre- Tal. Mahad- Dist. Raigad,raigadcop@gmail.com,Raigad,www.raigadcopmohopre.com,MR. TANGADE AMOL RAMCHANDRA,8956972859,9970166872,ARUN UTTAMRAO DEVRE,Un-Aided,Non-Autonomous,Non-Minority,2019,Pharmacy,No
3505,Abhinav Institute Of Pharmacy- Chinchpada,4/3 B Chinchpada-- Taluka Ambernath- District Thane,abhinavinstituteofpharmacy@gmail.com,Thane,www.abhinavpharmacy.in,ANURADHA BHUSHANKUMAR SAKHARE,2250455,9850442188,S.K. TRIPATHI,Un-Aided,Non-Autonomous,Non-Minority,2019,Pharmacy,No
3506,Shri. Pandit Baburao Chaughule College Of Pharmacy- Rahanal,At/Po. Rahanal- Anjur Phata- Jakat Naka- Bhiwandi,spbc.pharmacy@gmail.com,Thane,www.saisevaspmbhiwandi.in,SHRI INDRAPAL BABURAO CHAUGHULE,,,Dr. Vinayak Dahiwale,Un-Aided,Non-Autonomous,Non-Minority,2019,Pharmacy,No
3507,Indala School of Architechture- Bapsai Tal.Kalyan,Near Hp Gagangiri Petrol Pump- Kalyan-Murbad Road- Bapsai- Kalyan  421301,isoakalyan1@gmail.com,Thane,www.isoa.ac.in,DR. SHASHANK NINAWE,,,Prof. ATUL NARKHEDE,Un-Aided,Non-Autonomous,Non-Minority,2019,Other,No
3508,B.K. Patil Institute of Pharmacy- Taloja- Panvel,Shiv Mandir- Taloja- Taluka Panvel Dist.Raigad,kghpss.2019@gmail.com,Raigad,www.bkpiop.com,Mrs.Iniya Madhan kumaar,0222742464,9987118533,VIJAY DNYANOBA KAKEKAR,Un-Aided,Non-Autonomous,Non-Minority,2019,Pharmacy,No
